timestamp,label,current_episode,candidate_episode,episode_id,episode_change_reason,opposite_confirmed,existing_structure_broken,reversal_probe_done,probe_failed,episode_status,entry_done,awaiting_structural_reentry,structure_confirmed,swing_break,target_etf,etf_price,vwap,above_vwap,vwap_cross_reclaim,vwap_slope_3m,prev_above_vwap,etf_5s,etf_10s,signal_5s,live_dir,continuation_allowed,evidence_score,contributions,expected_net_edge,reward_risk,entry_action,entry_path,entry_reason,final_block_reason,order_placed,held_symbol
2026-07-21 12:31:05,AFTER,DOWN,UP,DOWN:2026-07-21T09:15:05,OPPOSITE_CANDIDATE_BLOCKED,False,False,False,False,,False,False,False,False,LEV,14579.24,13831.22,True,False,7.3633,True,UP,UP,,UP,,64.0,entry_etf_slopes=18.0;live_direction=18.0;score_gap=16.0;vwap=12.0,0.3374,1.084,HOLD,NONE,POOR_REWARD_RISK,POOR_REWARD_RISK,N,
2026-07-21 12:31:10,AFTER,DOWN,UP,DOWN:2026-07-21T09:15:05,OPPOSITE_CANDIDATE_BLOCKED,False,False,False,False,,False,False,True,True,LEV,14583.47,13831.22,True,False,7.3633,True,UP,UP,,UP,,74.0,entry_etf_slopes=24.0;live_direction=18.0;score_gap=16.0;signal_slopes=4.0;vwap=12.0,0.3374,1.084,HOLD,NONE,POOR_REWARD_RISK,POOR_REWARD_RISK,N,
2026-07-21 12:31:15,AFTER,DOWN,UP,DOWN:2026-07-21T09:15:05,OPPOSITE_CANDIDATE_BLOCKED,False,False,False,False,,False,False,True,True,LEV,14587.71,13831.22,True,False,7.3633,True,UP,UP,,UP,,82.0,entry_etf_slopes=24.0;live_direction=18.0;score_gap=16.0;signal_slopes=12.0;vwap=12.0,0.3374,1.084,HOLD,NONE,POOR_REWARD_RISK,POOR_REWARD_RISK,N,
2026-07-21 12:31:20,AFTER,DOWN,UP,DOWN:2026-07-21T09:15:05,OPPOSITE_CANDIDATE_BLOCKED,False,False,False,False,,False,False,True,True,LEV,14591.95,13831.22,True,False,7.3633,True,UP,UP,,UP,,82.0,entry_etf_slopes=24.0;live_direction=18.0;score_gap=16.0;signal_slopes=12.0;vwap=12.0,0.3374,1.084,HOLD,NONE,POOR_REWARD_RISK,POOR_REWARD_RISK,N,
2026-07-21 12:31:25,AFTER,DOWN,UP,DOWN:2026-07-21T09:15:05,OPPOSITE_CANDIDATE_BLOCKED,False,False,False,False,,False,False,True,True,LEV,14596.19,13831.22,True,False,7.3633,True,UP,UP,,UP,,82.0,entry_etf_slopes=24.0;live_direction=18.0;score_gap=16.0;signal_slopes=12.0;vwap=12.0,0.3374,1.084,HOLD,NONE,POOR_REWARD_RISK,POOR_REWARD_RISK,N,
2026-07-21 12:31:30,AFTER,DOWN,UP,DOWN:2026-07-21T09:15:05,OPPOSITE_CANDIDATE_BLOCKED,False,False,False,False,,False,False,True,True,LEV,14600.42,13831.22,True,False,7.3633,True,UP,UP,,UP,,82.0,entry_etf_slopes=24.0;live_direction=18.0;score_gap=16.0;signal_slopes=12.0;vwap=12.0,0.3374,1.084,HOLD,NONE,POOR_REWARD_RISK,POOR_REWARD_RISK,N,
2026-07-21 12:31:35,AFTER,DOWN,UP,DOWN:2026-07-21T09:15:05,OPPOSITE_CANDIDATE_BLOCKED,False,False,False,False,,False,False,True,True,LEV,14604.66,13831.22,True,False,7.3633,True,UP,UP,,UP,,82.0,entry_etf_slopes=24.0;live_direction=18.0;score_gap=16.0;signal_slopes=12.0;vwap=12.0,0.3374,1.084,HOLD,NONE,POOR_REWARD_RISK,POOR_REWARD_RISK,N,
2026-07-21 12:31:40,AFTER,DOWN,UP,DOWN:2026-07-21T09:15:05,OPPOSITE_CANDIDATE_BLOCKED,False,False,False,False,,False,False,True,True,LEV,14608.9,13831.22,True,False,7.3633,True,UP,UP,,UP,,82.0,entry_etf_slopes=24.0;live_direction=18.0;score_gap=16.0;signal_slopes=12.0;vwap=12.0,0.3374,1.084,HOLD,NONE,POOR_REWARD_RISK,POOR_REWARD_RISK,N,
2026-07-21 12:31:45,AFTER,DOWN,UP,DOWN:2026-07-21T09:15:05,OPPOSITE_CANDIDATE_BLOCKED,False,False,False,False,,False,False,True,True,LEV,14613.14,13831.22,True,False,7.3633,True,UP,UP,,UP,,82.0,entry_etf_slopes=24.0;live_direction=18.0;score_gap=16.0;signal_slopes=12.0;vwap=12.0,0.3374,1.084,HOLD,NONE,POOR_REWARD_RISK,POOR_REWARD_RISK,N,
2026-07-21 12:31:50,AFTER,DOWN,UP,DOWN:2026-07-21T09:15:05,OPPOSITE_CANDIDATE_BLOCKED,False,False,False,False,,False,False,True,True,LEV,14617.37,13831.22,True,False,7.3633,True,UP,UP,,UP,,82.0,entry_etf_slopes=24.0;live_direction=18.0;score_gap=16.0;signal_slopes=12.0;vwap=12.0,0.3374,1.084,HOLD,NONE,POOR_REWARD_RISK,POOR_REWARD_RISK,N,
2026-07-21 12:31:55,AFTER,DOWN,UP,DOWN:2026-07-21T09:15:05,OPPOSITE_CANDIDATE_BLOCKED,False,False,False,False,,False,False,True,True,LEV,14621.61,13831.22,True,False,7.3633,True,UP,UP,,UP,,82.0,entry_etf_slopes=24.0;live_direction=18.0;score_gap=16.0;signal_slopes=12.0;vwap=12.0,0.3374,1.084,HOLD,NONE,POOR_REWARD_RISK,POOR_REWARD_RISK,N,
2026-07-21 12:32:00,AFTER,DOWN,UP,DOWN:2026-07-21T09:15:05,OPPOSITE_CANDIDATE_BLOCKED,False,False,False,False,,False,False,False,False,LEV,14625.0,13834.04,True,False,7.1476,True,UP,UP,,UP,,82.0,entry_etf_slopes=24.0;live_direction=18.0;score_gap=16.0;signal_slopes=12.0;vwap=12.0,0.5549,1.6278,ENTER,REVERSAL,REVERSAL_ENTRY,OPPOSITE_EPISODE_NOT_CONFIRMED,N,
2026-07-21 12:33:05,AFTER,DOWN,UP,DOWN:2026-07-21T09:15:05,OPPOSITE_CANDIDATE_BLOCKED,False,False,False,False,,False,False,True,True,LEV,14663.39,13837.1,True,False,8.239,True,UP,UP,,UP,,78.0,entry_etf_slopes=24.0;live_direction=18.0;score_gap=16.0;signal_slopes=8.0;vwap=12.0,0.2822,0.946,HOLD,NONE,POOR_REWARD_RISK,POOR_REWARD_RISK,N,
2026-07-21 12:33:10,AFTER,DOWN,UP,DOWN:2026-07-21T09:15:05,OPPOSITE_CANDIDATE_BLOCKED,False,False,False,False,,False,False,True,True,LEV,14666.78,13837.1,True,False,8.239,True,UP,UP,,UP,,78.0,entry_etf_slopes=24.0;live_direction=18.0;score_gap=16.0;signal_slopes=8.0;vwap=12.0,0.2822,0.946,HOLD,NONE,POOR_REWARD_RISK,POOR_REWARD_RISK,N,
2026-07-21 12:33:15,AFTER,DOWN,UP,DOWN:2026-07-21T09:15:05,OPPOSITE_CANDIDATE_BLOCKED,False,False,False,False,,False,False,True,True,LEV,14670.17,13837.1,True,False,8.239,True,UP,UP,,UP,,78.0,entry_etf_slopes=24.0;live_direction=18.0;score_gap=16.0;signal_slopes=8.0;vwap=12.0,0.2822,0.946,HOLD,NONE,POOR_REWARD_RISK,POOR_REWARD_RISK,N,
2026-07-21 12:33:20,AFTER,DOWN,UP,DOWN:2026-07-21T09:15:05,OPPOSITE_CANDIDATE_BLOCKED,False,False,False,False,,False,False,True,True,LEV,14673.56,13837.1,True,False,8.239,True,UP,UP,,UP,,78.0,entry_etf_slopes=24.0;live_direction=18.0;score_gap=16.0;signal_slopes=8.0;vwap=12.0,0.2822,0.946,HOLD,NONE,POOR_REWARD_RISK,POOR_REWARD_RISK,N,
2026-07-21 12:33:25,AFTER,DOWN,UP,DOWN:2026-07-21T09:15:05,OPPOSITE_CANDIDATE_BLOCKED,False,False,False,False,,False,False,True,True,LEV,14676.95,13837.1,True,False,8.239,True,UP,UP,,UP,,78.0,entry_etf_slopes=24.0;live_direction=18.0;score_gap=16.0;signal_slopes=8.0;vwap=12.0,0.2822,0.946,HOLD,NONE,POOR_REWARD_RISK,POOR_REWARD_RISK,N,
2026-07-21 12:33:30,AFTER,DOWN,UP,DOWN:2026-07-21T09:15:05,OPPOSITE_CANDIDATE_BLOCKED,False,False,False,False,,False,False,True,True,LEV,14680.34,13837.1,True,False,8.239,True,UP,UP,,UP,,78.0,entry_etf_slopes=24.0;live_direction=18.0;score_gap=16.0;signal_slopes=8.0;vwap=12.0,0.2822,0.946,HOLD,NONE,POOR_REWARD_RISK,POOR_REWARD_RISK,N,
2026-07-21 12:33:35,AFTER,DOWN,UP,DOWN:2026-07-21T09:15:05,OPPOSITE_CANDIDATE_BLOCKED,False,False,False,False,,False,False,True,True,LEV,14683.73,13837.1,True,False,8.239,True,UP,UP,,UP,,78.0,entry_etf_slopes=24.0;live_direction=18.0;score_gap=16.0;signal_slopes=8.0;vwap=12.0,0.2822,0.946,HOLD,NONE,POOR_REWARD_RISK,POOR_REWARD_RISK,N,
2026-07-21 12:33:40,AFTER,DOWN,UP,DOWN:2026-07-21T09:15:05,OPPOSITE_CANDIDATE_BLOCKED,False,False,False,False,,False,False,True,True,LEV,14687.12,13837.1,True,False,8.239,True,UP,UP,,UP,,78.0,entry_etf_slopes=24.0;live_direction=18.0;score_gap=16.0;signal_slopes=8.0;vwap=12.0,0.2822,0.946,HOLD,NONE,POOR_REWARD_RISK,POOR_REWARD_RISK,N,
2026-07-21 12:33:45,AFTER,DOWN,UP,DOWN:2026-07-21T09:15:05,OPPOSITE_CANDIDATE_BLOCKED,False,False,False,False,,False,False,True,True,LEV,14690.51,13837.1,True,False,8.239,True,UP,UP,,UP,,78.0,entry_etf_slopes=24.0;live_direction=18.0;score_gap=16.0;signal_slopes=8.0;vwap=12.0,0.2822,0.946,HOLD,NONE,POOR_REWARD_RISK,POOR_REWARD_RISK,N,
2026-07-21 12:33:50,AFTER,DOWN,UP,DOWN:2026-07-21T09:15:05,OPPOSITE_CANDIDATE_BLOCKED,False,False,False,False,,False,False,True,True,LEV,14693.9,13837.1,True,False,8.239,True,UP,UP,,UP,,78.0,entry_etf_slopes=24.0;live_direction=18.0;score_gap=16.0;signal_slopes=8.0;vwap=12.0,0.2822,0.946,HOLD,NONE,POOR_REWARD_RISK,POOR_REWARD_RISK,N,
2026-07-21 12:33:55,AFTER,DOWN,UP,DOWN:2026-07-21T09:15:05,OPPOSITE_CANDIDATE_BLOCKED,False,False,False,False,,False,False,True,True,LEV,14697.29,13837.1,True,False,8.239,True,UP,UP,,UP,,78.0,entry_etf_slopes=24.0;live_direction=18.0;score_gap=16.0;signal_slopes=8.0;vwap=12.0,0.2822,0.946,HOLD,NONE,POOR_REWARD_RISK,POOR_REWARD_RISK,N,
2026-07-21 12:35:05,AFTER,DOWN,UP,DOWN:2026-07-21T09:15:05,OPPOSITE_CANDIDATE_BLOCKED,False,False,False,False,,False,False,False,False,LEV,14696.36,13843.05,True,False,9.0069,True,UP,UP,,UP,,76.0,entry_etf_slopes=18.0;live_direction=18.0;score_gap=16.0;signal_slopes=12.0;vwap=12.0,0.5524,1.6215,ENTER,REVERSAL,REVERSAL_ENTRY,OPPOSITE_EPISODE_NOT_CONFIRMED,N,
2026-07-21 12:35:10,AFTER,DOWN,UP,DOWN:2026-07-21T09:15:05,OPPOSITE_CANDIDATE_BLOCKED,False,False,False,False,,False,False,True,True,LEV,14702.71,13843.05,True,False,9.0069,True,UP,UP,,UP,,82.0,entry_etf_slopes=24.0;live_direction=18.0;score_gap=16.0;signal_slopes=12.0;vwap=12.0,0.5524,1.6215,ENTER,REVERSAL,REVERSAL_ENTRY,OPPOSITE_EPISODE_NOT_CONFIRMED,N,
2026-07-21 12:35:15,AFTER,DOWN,UP,DOWN:2026-07-21T09:15:05,OPPOSITE_CANDIDATE_BLOCKED,False,False,False,False,,False,False,True,True,LEV,14709.07,13843.05,True,False,9.0069,True,UP,UP,,UP,,82.0,entry_etf_slopes=24.0;live_direction=18.0;score_gap=16.0;signal_slopes=12.0;vwap=12.0,0.5524,1.6215,ENTER,REVERSAL,REVERSAL_ENTRY,OPPOSITE_EPISODE_NOT_CONFIRMED,N,
2026-07-21 12:35:20,AFTER,DOWN,UP,DOWN:2026-07-21T09:15:05,OPPOSITE_CANDIDATE_BLOCKED,False,False,False,False,,False,False,True,True,LEV,14715.42,13843.05,True,False,9.0069,True,UP,UP,,UP,,82.0,entry_etf_slopes=24.0;live_direction=18.0;score_gap=16.0;signal_slopes=12.0;vwap=12.0,0.5524,1.6215,ENTER,REVERSAL,REVERSAL_ENTRY,OPPOSITE_EPISODE_NOT_CONFIRMED,N,
2026-07-21 12:35:25,AFTER,DOWN,UP,DOWN:2026-07-21T09:15:05,OPPOSITE_CANDIDATE_BLOCKED,False,False,False,False,,False,False,True,True,LEV,14721.78,13843.05,True,False,9.0069,True,UP,UP,,UP,,82.0,entry_etf_slopes=24.0;live_direction=18.0;score_gap=16.0;signal_slopes=12.0;vwap=12.0,0.5524,1.6215,ENTER,REVERSAL,REVERSAL_ENTRY,OPPOSITE_EPISODE_NOT_CONFIRMED,N,
2026-07-21 12:35:30,AFTER,DOWN,UP,DOWN:2026-07-21T09:15:05,OPPOSITE_CANDIDATE_BLOCKED,False,False,False,False,,False,False,True,True,LEV,14728.14,13843.05,True,False,9.0069,True,UP,UP,,UP,,82.0,entry_etf_slopes=24.0;live_direction=18.0;score_gap=16.0;signal_slopes=12.0;vwap=12.0,0.5524,1.6215,ENTER,REVERSAL,REVERSAL_ENTRY,OPPOSITE_EPISODE_NOT_CONFIRMED,N,
2026-07-21 12:35:35,AFTER,DOWN,UP,DOWN:2026-07-21T09:15:05,OPPOSITE_CANDIDATE_BLOCKED,False,False,False,False,,False,False,True,True,LEV,14734.49,13843.05,True,False,9.0069,True,UP,UP,,UP,,82.0,entry_etf_slopes=24.0;live_direction=18.0;score_gap=16.0;signal_slopes=12.0;vwap=12.0,0.5524,1.6215,ENTER,REVERSAL,REVERSAL_ENTRY,OPPOSITE_EPISODE_NOT_CONFIRMED,N,
2026-07-21 12:35:40,AFTER,DOWN,UP,DOWN:2026-07-21T09:15:05,OPPOSITE_CANDIDATE_BLOCKED,False,False,False,False,,False,False,True,True,LEV,14740.85,13843.05,True,False,9.0069,True,UP,UP,,UP,,82.0,entry_etf_slopes=24.0;live_direction=18.0;score_gap=16.0;signal_slopes=12.0;vwap=12.0,0.5524,1.6215,ENTER,REVERSAL,REVERSAL_ENTRY,OPPOSITE_EPISODE_NOT_CONFIRMED,N,
2026-07-21 12:35:45,AFTER,DOWN,UP,DOWN:2026-07-21T09:15:05,OPPOSITE_CANDIDATE_BLOCKED,False,False,False,False,,False,False,True,True,LEV,14747.2,13843.05,True,False,9.0069,True,UP,UP,,UP,,82.0,entry_etf_slopes=24.0;live_direction=18.0;score_gap=16.0;signal_slopes=12.0;vwap=12.0,0.5524,1.6215,ENTER,REVERSAL,REVERSAL_ENTRY,OPPOSITE_EPISODE_NOT_CONFIRMED,N,
2026-07-21 12:35:50,AFTER,DOWN,UP,DOWN:2026-07-21T09:15:05,OPPOSITE_CANDIDATE_BLOCKED,False,False,False,False,,False,False,True,True,LEV,14753.56,13843.05,True,False,9.0069,True,UP,UP,,UP,,82.0,entry_etf_slopes=24.0;live_direction=18.0;score_gap=16.0;signal_slopes=12.0;vwap=12.0,0.5524,1.6215,ENTER,REVERSAL,REVERSAL_ENTRY,OPPOSITE_EPISODE_NOT_CONFIRMED,N,
2026-07-21 12:35:55,AFTER,DOWN,UP,DOWN:2026-07-21T09:15:05,OPPOSITE_CANDIDATE_BLOCKED,False,False,False,False,,False,False,True,True,LEV,14759.92,13843.05,True,False,9.0069,True,UP,UP,,UP,,82.0,entry_etf_slopes=24.0;live_direction=18.0;score_gap=16.0;signal_slopes=12.0;vwap=12.0,0.5524,1.6215,ENTER,REVERSAL,REVERSAL_ENTRY,OPPOSITE_EPISODE_NOT_CONFIRMED,N,
2026-07-21 12:36:00,AFTER,DOWN,UP,DOWN:2026-07-21T09:15:05,OPPOSITE_CANDIDATE_BLOCKED,False,False,False,False,,False,False,False,False,LEV,14765.0,13847.32,True,False,10.2128,True,UP,UP,,UP,,82.0,entry_etf_slopes=24.0;live_direction=18.0;score_gap=16.0;signal_slopes=12.0;vwap=12.0,0.3895,1.2143,HOLD,NONE,POOR_REWARD_RISK,POOR_REWARD_RISK,N,
2026-07-21 12:38:05,AFTER,DOWN,UP,DOWN:2026-07-21T09:15:05,OPPOSITE_CANDIDATE_BLOCKED,False,False,False,False,,False,False,True,True,LEV,14786.36,13853.24,True,False,10.1935,True,UP,UP,UP,UP,,86.0,entry_etf_slopes=24.0;live_direction=18.0;score_gap=16.0;signal_slopes=16.0;vwap=12.0,0.55,1.6155,ENTER,REVERSAL,REVERSAL_ENTRY,OPPOSITE_EPISODE_NOT_CONFIRMED,N,
2026-07-21 12:38:10,AFTER,DOWN,UP,DOWN:2026-07-21T09:15:05,OPPOSITE_CANDIDATE_BLOCKED,False,False,False,False,,False,False,True,True,LEV,14792.71,13853.24,True,False,10.1935,True,UP,UP,UP,UP,,86.0,entry_etf_slopes=24.0;live_direction=18.0;score_gap=16.0;signal_slopes=16.0;vwap=12.0,0.55,1.6155,ENTER,REVERSAL,REVERSAL_ENTRY,OPPOSITE_EPISODE_NOT_CONFIRMED,N,
2026-07-21 12:38:15,AFTER,DOWN,UP,DOWN:2026-07-21T09:15:05,OPPOSITE_CANDIDATE_BLOCKED,False,False,False,False,,False,False,True,True,LEV,14799.07,13853.24,True,False,10.1935,True,UP,UP,UP,UP,,86.0,entry_etf_slopes=24.0;live_direction=18.0;score_gap=16.0;signal_slopes=16.0;vwap=12.0,0.55,1.6155,ENTER,REVERSAL,REVERSAL_ENTRY,OPPOSITE_EPISODE_NOT_CONFIRMED,N,
2026-07-21 12:38:20,AFTER,DOWN,UP,DOWN:2026-07-21T09:15:05,OPPOSITE_CANDIDATE_BLOCKED,False,False,False,False,,False,False,True,True,LEV,14805.42,13853.24,True,False,10.1935,True,UP,UP,UP,UP,,86.0,entry_etf_slopes=24.0;live_direction=18.0;score_gap=16.0;signal_slopes=16.0;vwap=12.0,0.55,1.6155,ENTER,REVERSAL,REVERSAL_ENTRY,OPPOSITE_EPISODE_NOT_CONFIRMED,N,
2026-07-21 12:38:25,AFTER,DOWN,UP,DOWN:2026-07-21T09:15:05,OPPOSITE_CANDIDATE_BLOCKED,False,False,False,False,,False,False,True,True,LEV,14811.78,13853.24,True,False,10.1935,True,UP,UP,UP,UP,,86.0,entry_etf_slopes=24.0;live_direction=18.0;score_gap=16.0;signal_slopes=16.0;vwap=12.0,0.55,1.6155,ENTER,REVERSAL,REVERSAL_ENTRY,OPPOSITE_EPISODE_NOT_CONFIRMED,N,
2026-07-21 12:38:30,AFTER,DOWN,UP,DOWN:2026-07-21T09:15:05,OPPOSITE_CANDIDATE_BLOCKED,False,False,False,False,,False,False,True,True,LEV,14818.14,13853.24,True,False,10.1935,True,UP,UP,UP,UP,,86.0,entry_etf_slopes=24.0;live_direction=18.0;score_gap=16.0;signal_slopes=16.0;vwap=12.0,0.55,1.6155,ENTER,REVERSAL,REVERSAL_ENTRY,OPPOSITE_EPISODE_NOT_CONFIRMED,N,
2026-07-21 12:38:35,AFTER,DOWN,UP,DOWN:2026-07-21T09:15:05,OPPOSITE_CANDIDATE_BLOCKED,False,False,False,False,,False,False,True,True,LEV,14824.49,13853.24,True,False,10.1935,True,UP,UP,UP,UP,,86.0,entry_etf_slopes=24.0;live_direction=18.0;score_gap=16.0;signal_slopes=16.0;vwap=12.0,0.55,1.6155,ENTER,REVERSAL,REVERSAL_ENTRY,OPPOSITE_EPISODE_NOT_CONFIRMED,N,
2026-07-21 12:38:40,AFTER,DOWN,UP,DOWN:2026-07-21T09:15:05,OPPOSITE_CANDIDATE_BLOCKED,False,False,False,False,,False,False,True,True,LEV,14830.85,13853.24,True,False,10.1935,True,UP,UP,UP,UP,,86.0,entry_etf_slopes=24.0;live_direction=18.0;score_gap=16.0;signal_slopes=16.0;vwap=12.0,0.55,1.6155,ENTER,REVERSAL,REVERSAL_ENTRY,OPPOSITE_EPISODE_NOT_CONFIRMED,N,
2026-07-21 12:38:45,AFTER,DOWN,UP,DOWN:2026-07-21T09:15:05,OPPOSITE_CANDIDATE_BLOCKED,False,False,False,False,,False,False,True,True,LEV,14837.2,13853.24,True,False,10.1935,True,UP,UP,UP,UP,,86.0,entry_etf_slopes=24.0;live_direction=18.0;score_gap=16.0;signal_slopes=16.0;vwap=12.0,0.55,1.6155,ENTER,REVERSAL,REVERSAL_ENTRY,OPPOSITE_EPISODE_NOT_CONFIRMED,N,
2026-07-21 12:38:50,AFTER,DOWN,UP,DOWN:2026-07-21T09:15:05,OPPOSITE_CANDIDATE_BLOCKED,False,False,False,False,,False,False,True,True,LEV,14843.56,13853.24,True,False,10.1935,True,UP,UP,UP,UP,,86.0,entry_etf_slopes=24.0;live_direction=18.0;score_gap=16.0;signal_slopes=16.0;vwap=12.0,0.55,1.6155,ENTER,REVERSAL,REVERSAL_ENTRY,OPPOSITE_EPISODE_NOT_CONFIRMED,N,
2026-07-21 12:38:55,AFTER,DOWN,UP,DOWN:2026-07-21T09:15:05,OPPOSITE_CANDIDATE_BLOCKED,False,False,False,False,,False,False,True,True,LEV,14849.92,13853.24,True,False,10.1935,True,UP,UP,UP,UP,,86.0,entry_etf_slopes=24.0;live_direction=18.0;score_gap=16.0;signal_slopes=16.0;vwap=12.0,0.55,1.6155,ENTER,REVERSAL,REVERSAL_ENTRY,OPPOSITE_EPISODE_NOT_CONFIRMED,N,
2026-07-21 12:39:00,AFTER,DOWN,UP,DOWN:2026-07-21T09:15:05,OPPOSITE_CANDIDATE_BLOCKED,False,False,False,False,,False,False,False,False,LEV,14855.0,13856.49,True,False,9.177,True,UP,UP,UP,UP,,86.0,entry_etf_slopes=24.0;live_direction=18.0;score_gap=16.0;signal_slopes=16.0;vwap=12.0,0.4958,1.48,ENTER,REVERSAL,REVERSAL_ENTRY,OPPOSITE_EPISODE_NOT_CONFIRMED,N,
2026-07-21 12:40:05,AFTER,DOWN,UP,DOWN:2026-07-21T09:15:05,OPPOSITE_CANDIDATE_BLOCKED,False,False,False,False,,False,False,True,True,LEV,14878.05,13863.97,True,False,14.3505,True,UP,UP,UP,UP,,86.0,entry_etf_slopes=24.0;live_direction=18.0;score_gap=16.0;signal_slopes=16.0;vwap=12.0,0.6557,1.8798,ENTER,REVERSAL,REVERSAL_ENTRY,OPPOSITE_EPISODE_NOT_CONFIRMED,N,
2026-07-21 12:40:10,AFTER,DOWN,UP,DOWN:2026-07-21T09:15:05,OPPOSITE_CANDIDATE_BLOCKED,False,False,False,False,,False,False,True,True,LEV,14886.1,13863.97,True,False,14.3505,True,UP,UP,UP,UP,,86.0,entry_etf_slopes=24.0;live_direction=18.0;score_gap=16.0;signal_slopes=16.0;vwap=12.0,0.6557,1.8798,ENTER,REVERSAL,REVERSAL_ENTRY,OPPOSITE_EPISODE_NOT_CONFIRMED,N,
2026-07-21 12:40:15,AFTER,DOWN,UP,DOWN:2026-07-21T09:15:05,OPPOSITE_CANDIDATE_BLOCKED,False,False,False,False,,False,False,True,True,LEV,14894.15,13863.97,True,False,14.3505,True,UP,UP,UP,UP,,86.0,entry_etf_slopes=24.0;live_direction=18.0;score_gap=16.0;signal_slopes=16.0;vwap=12.0,0.6557,1.8798,ENTER,REVERSAL,REVERSAL_ENTRY,OPPOSITE_EPISODE_NOT_CONFIRMED,N,
2026-07-21 12:40:20,AFTER,DOWN,UP,DOWN:2026-07-21T09:15:05,OPPOSITE_CANDIDATE_BLOCKED,False,False,False,False,,False,False,True,True,LEV,14902.2,13863.97,True,False,14.3505,True,UP,UP,UP,UP,,86.0,entry_etf_slopes=24.0;live_direction=18.0;score_gap=16.0;signal_slopes=16.0;vwap=12.0,0.6557,1.8798,ENTER,REVERSAL,REVERSAL_ENTRY,OPPOSITE_EPISODE_NOT_CONFIRMED,N,
2026-07-21 12:40:25,AFTER,DOWN,UP,DOWN:2026-07-21T09:15:05,OPPOSITE_CANDIDATE_BLOCKED,False,False,False,False,,False,False,True,True,LEV,14910.25,13863.97,True,False,14.3505,True,UP,UP,UP,UP,,86.0,entry_etf_slopes=24.0;live_direction=18.0;score_gap=16.0;signal_slopes=16.0;vwap=12.0,0.6557,1.8798,ENTER,REVERSAL,REVERSAL_ENTRY,OPPOSITE_EPISODE_NOT_CONFIRMED,N,
2026-07-21 12:40:30,AFTER,DOWN,UP,DOWN:2026-07-21T09:15:05,OPPOSITE_CANDIDATE_BLOCKED,False,False,False,False,,False,False,True,True,LEV,14918.31,13863.97,True,False,14.3505,True,UP,UP,UP,UP,,86.0,entry_etf_slopes=24.0;live_direction=18.0;score_gap=16.0;signal_slopes=16.0;vwap=12.0,0.6557,1.8798,ENTER,REVERSAL,REVERSAL_ENTRY,OPPOSITE_EPISODE_NOT_CONFIRMED,N,
2026-07-21 12:40:35,AFTER,DOWN,UP,DOWN:2026-07-21T09:15:05,OPPOSITE_CANDIDATE_BLOCKED,False,False,False,False,,False,False,True,True,LEV,14926.36,13863.97,True,False,14.3505,True,UP,UP,UP,UP,,86.0,entry_etf_slopes=24.0;live_direction=18.0;score_gap=16.0;signal_slopes=16.0;vwap=12.0,0.6557,1.8798,ENTER,REVERSAL,REVERSAL_ENTRY,OPPOSITE_EPISODE_NOT_CONFIRMED,N,
2026-07-21 12:40:40,AFTER,DOWN,UP,DOWN:2026-07-21T09:15:05,OPPOSITE_CANDIDATE_BLOCKED,False,False,False,False,,False,False,True,True,LEV,14934.41,13863.97,True,False,14.3505,True,UP,UP,UP,UP,,86.0,entry_etf_slopes=24.0;live_direction=18.0;score_gap=16.0;signal_slopes=16.0;vwap=12.0,0.6557,1.8798,ENTER,REVERSAL,REVERSAL_ENTRY,OPPOSITE_EPISODE_NOT_CONFIRMED,N,
2026-07-21 12:40:45,AFTER,DOWN,UP,DOWN:2026-07-21T09:15:05,OPPOSITE_CANDIDATE_BLOCKED,False,False,False,False,,False,False,True,True,LEV,14942.46,13863.97,True,False,14.3505,True,UP,UP,UP,UP,,86.0,entry_etf_slopes=24.0;live_direction=18.0;score_gap=16.0;signal_slopes=16.0;vwap=12.0,0.6557,1.8798,ENTER,REVERSAL,REVERSAL_ENTRY,OPPOSITE_EPISODE_NOT_CONFIRMED,N,
2026-07-21 12:40:50,AFTER,DOWN,UP,DOWN:2026-07-21T09:15:05,OPPOSITE_CANDIDATE_BLOCKED,False,False,False,False,,False,False,True,True,LEV,14950.51,13863.97,True,False,14.3505,True,UP,UP,UP,UP,,86.0,entry_etf_slopes=24.0;live_direction=18.0;score_gap=16.0;signal_slopes=16.0;vwap=12.0,0.6557,1.8798,ENTER,REVERSAL,REVERSAL_ENTRY,OPPOSITE_EPISODE_NOT_CONFIRMED,N,
2026-07-21 12:40:55,AFTER,DOWN,UP,DOWN:2026-07-21T09:15:05,OPPOSITE_CANDIDATE_BLOCKED,False,False,False,False,,False,False,True,True,LEV,14958.56,13863.97,True,False,14.3505,True,UP,UP,UP,UP,,86.0,entry_etf_slopes=24.0;live_direction=18.0;score_gap=16.0;signal_slopes=16.0;vwap=12.0,0.6557,1.8798,ENTER,REVERSAL,REVERSAL_ENTRY,OPPOSITE_EPISODE_NOT_CONFIRMED,N,
2026-07-21 12:41:00,AFTER,DOWN,UP,DOWN:2026-07-21T09:15:05,OPPOSITE_CANDIDATE_BLOCKED,False,False,False,False,,False,False,False,False,LEV,14965.0,13874.08,True,False,20.8344,True,UP,UP,UP,UP,,86.0,entry_etf_slopes=24.0;live_direction=18.0;score_gap=16.0;signal_slopes=16.0;vwap=12.0,0.4946,1.477,ENTER,REVERSAL,REVERSAL_ENTRY,OPPOSITE_EPISODE_NOT_CONFIRMED,N,
2026-07-21 12:42:10,AFTER,DOWN,UP,DOWN:2026-07-21T09:15:05,OPPOSITE_CANDIDATE_BLOCKED,False,False,False,False,,False,False,False,False,LEV,14939.32,13877.96,True,False,21.4694,True,UP,UP,,UP,,68.0,entry_etf_slopes=18.0;live_direction=18.0;score_gap=16.0;signal_slopes=4.0;vwap=12.0,0.6016,1.7445,ENTER,REVERSAL,REVERSAL_ENTRY,OPPOSITE_EPISODE_NOT_CONFIRMED,N,
2026-07-21 12:42:15,AFTER,DOWN,UP,DOWN:2026-07-21T09:15:05,OPPOSITE_CANDIDATE_BLOCKED,False,False,False,False,,False,False,False,False,LEV,14943.98,13877.96,True,False,21.4694,True,UP,UP,,UP,,78.0,entry_etf_slopes=24.0;live_direction=18.0;score_gap=16.0;signal_slopes=8.0;vwap=12.0,0.6016,1.7445,ENTER,REVERSAL,REVERSAL_ENTRY,OPPOSITE_EPISODE_NOT_CONFIRMED,N,
2026-07-21 12:42:20,AFTER,DOWN,UP,DOWN:2026-07-21T09:15:05,OPPOSITE_CANDIDATE_BLOCKED,False,False,False,False,,False,False,False,False,LEV,14948.64,13877.96,True,False,21.4694,True,UP,UP,,UP,,82.0,entry_etf_slopes=24.0;live_direction=18.0;score_gap=16.0;signal_slopes=12.0;vwap=12.0,0.6016,1.7445,ENTER,REVERSAL,REVERSAL_ENTRY,OPPOSITE_EPISODE_NOT_CONFIRMED,N,
2026-07-21 12:42:25,AFTER,DOWN,UP,DOWN:2026-07-21T09:15:05,OPPOSITE_CANDIDATE_BLOCKED,False,False,False,False,,False,False,False,False,LEV,14953.31,13877.96,True,False,21.4694,True,UP,UP,,UP,,82.0,entry_etf_slopes=24.0;live_direction=18.0;score_gap=16.0;signal_slopes=12.0;vwap=12.0,0.6016,1.7445,ENTER,REVERSAL,REVERSAL_ENTRY,OPPOSITE_EPISODE_NOT_CONFIRMED,N,
2026-07-21 12:42:30,AFTER,DOWN,UP,DOWN:2026-07-21T09:15:05,OPPOSITE_CANDIDATE_BLOCKED,False,False,False,False,,False,False,False,False,LEV,14957.97,13877.96,True,False,21.4694,True,UP,UP,,UP,,82.0,entry_etf_slopes=24.0;live_direction=18.0;score_gap=16.0;signal_slopes=12.0;vwap=12.0,0.6016,1.7445,ENTER,REVERSAL,REVERSAL_ENTRY,OPPOSITE_EPISODE_NOT_CONFIRMED,N,
2026-07-21 12:42:35,AFTER,DOWN,UP,DOWN:2026-07-21T09:15:05,OPPOSITE_CANDIDATE_BLOCKED,False,False,False,False,,False,False,False,False,LEV,14962.63,13877.96,True,False,21.4694,True,UP,UP,,UP,,82.0,entry_etf_slopes=24.0;live_direction=18.0;score_gap=16.0;signal_slopes=12.0;vwap=12.0,0.6016,1.7445,ENTER,REVERSAL,REVERSAL_ENTRY,OPPOSITE_EPISODE_NOT_CONFIRMED,N,
2026-07-21 12:42:40,AFTER,DOWN,UP,DOWN:2026-07-21T09:15:05,OPPOSITE_CANDIDATE_BLOCKED,False,False,False,False,,False,False,True,True,LEV,14967.29,13877.96,True,False,21.4694,True,UP,UP,,UP,,82.0,entry_etf_slopes=24.0;live_direction=18.0;score_gap=16.0;signal_slopes=12.0;vwap=12.0,0.6016,1.7445,ENTER,REVERSAL,REVERSAL_ENTRY,OPPOSITE_EPISODE_NOT_CONFIRMED,N,
2026-07-21 12:42:45,AFTER,DOWN,UP,DOWN:2026-07-21T09:15:05,OPPOSITE_CANDIDATE_BLOCKED,False,False,False,False,,False,False,True,True,LEV,14971.95,13877.96,True,False,21.4694,True,UP,UP,,UP,,82.0,entry_etf_slopes=24.0;live_direction=18.0;score_gap=16.0;signal_slopes=12.0;vwap=12.0,0.6016,1.7445,ENTER,REVERSAL,REVERSAL_ENTRY,OPPOSITE_EPISODE_NOT_CONFIRMED,N,
2026-07-21 12:42:50,AFTER,DOWN,UP,DOWN:2026-07-21T09:15:05,OPPOSITE_CANDIDATE_BLOCKED,False,False,False,False,,False,False,True,True,LEV,14976.61,13877.96,True,False,21.4694,True,UP,UP,,UP,,82.0,entry_etf_slopes=24.0;live_direction=18.0;score_gap=16.0;signal_slopes=12.0;vwap=12.0,0.6016,1.7445,ENTER,REVERSAL,REVERSAL_ENTRY,OPPOSITE_EPISODE_NOT_CONFIRMED,N,
2026-07-21 12:42:55,AFTER,DOWN,UP,DOWN:2026-07-21T09:15:05,OPPOSITE_CANDIDATE_BLOCKED,False,False,False,False,,False,False,True,True,LEV,14981.27,13877.96,True,False,21.4694,True,UP,UP,,UP,,82.0,entry_etf_slopes=24.0;live_direction=18.0;score_gap=16.0;signal_slopes=12.0;vwap=12.0,0.6016,1.7445,ENTER,REVERSAL,REVERSAL_ENTRY,OPPOSITE_EPISODE_NOT_CONFIRMED,N,
2026-07-21 12:43:00,AFTER,DOWN,UP,DOWN:2026-07-21T09:15:05,OPPOSITE_CANDIDATE_BLOCKED,False,False,False,False,,False,False,False,False,LEV,14985.0,13882.42,True,False,18.449,True,UP,UP,,UP,,82.0,entry_etf_slopes=24.0;live_direction=18.0;score_gap=16.0;signal_slopes=12.0;vwap=12.0,0.1713,0.6687,HOLD,NONE,POOR_REWARD_RISK,POOR_REWARD_RISK,N,
2026-07-21 12:44:00,AFTER,DOWN,,DOWN:2026-07-21T09:15:05,,False,False,False,False,,False,False,False,False,INV,10680.0,11749.33,False,False,-10.696,False,DOWN,DOWN,,DOWN,,40.0,live_direction=18.0;opposite_etf_weak=14.0;signal_slopes=8.0,0.0639,0.4002,HOLD,NONE,ETF_5S_10S_BOTH_OPPOSITE,ETF_5S_10S_BOTH_OPPOSITE,N,
2026-07-21 12:45:10,AFTER,DOWN,UP,DOWN:2026-07-21T09:15:05,OPPOSITE_CANDIDATE_BLOCKED,False,False,False,False,,False,False,False,False,LEV,14920.25,13894.38,True,False,16.4118,True,UP,UP,UP,UP,,86.0,entry_etf_slopes=24.0;live_direction=18.0;score_gap=16.0;signal_slopes=16.0;vwap=12.0,0.3314,1.069,HOLD,NONE,POOR_REWARD_RISK,POOR_REWARD_RISK,N,
2026-07-21 12:45:15,AFTER,DOWN,UP,DOWN:2026-07-21T09:15:05,OPPOSITE_CANDIDATE_BLOCKED,False,False,False,False,,False,False,False,False,LEV,14927.88,13894.38,True,False,16.4118,True,UP,UP,UP,UP,,86.0,entry_etf_slopes=24.0;live_direction=18.0;score_gap=16.0;signal_slopes=16.0;vwap=12.0,0.3314,1.069,HOLD,NONE,POOR_REWARD_RISK,POOR_REWARD_RISK,N,
2026-07-21 12:45:20,AFTER,DOWN,UP,DOWN:2026-07-21T09:15:05,OPPOSITE_CANDIDATE_BLOCKED,False,False,False,False,,False,False,True,True,LEV,14935.51,13894.38,True,False,16.4118,True,UP,UP,UP,UP,,86.0,entry_etf_slopes=24.0;live_direction=18.0;score_gap=16.0;signal_slopes=16.0;vwap=12.0,0.3314,1.069,HOLD,NONE,POOR_REWARD_RISK,POOR_REWARD_RISK,N,
2026-07-21 12:45:25,AFTER,DOWN,UP,DOWN:2026-07-21T09:15:05,OPPOSITE_CANDIDATE_BLOCKED,False,False,False,False,,False,False,True,True,LEV,14943.14,13894.38,True,False,16.4118,True,UP,UP,UP,UP,,86.0,entry_etf_slopes=24.0;live_direction=18.0;score_gap=16.0;signal_slopes=16.0;vwap=12.0,0.3314,1.069,HOLD,NONE,POOR_REWARD_RISK,POOR_REWARD_RISK,N,
2026-07-21 12:45:30,AFTER,DOWN,UP,DOWN:2026-07-21T09:15:05,OPPOSITE_CANDIDATE_BLOCKED,False,False,False,False,,False,False,True,True,LEV,14950.76,13894.38,True,False,16.4118,True,UP,UP,UP,UP,,86.0,entry_etf_slopes=24.0;live_direction=18.0;score_gap=16.0;signal_slopes=16.0;vwap=12.0,0.3314,1.069,HOLD,NONE,POOR_REWARD_RISK,POOR_REWARD_RISK,N,
2026-07-21 12:45:35,AFTER,DOWN,UP,DOWN:2026-07-21T09:15:05,OPPOSITE_CANDIDATE_BLOCKED,False,False,False,False,,False,False,True,True,LEV,14958.39,13894.38,True,False,16.4118,True,UP,UP,UP,UP,,86.0,entry_etf_slopes=24.0;live_direction=18.0;score_gap=16.0;signal_slopes=16.0;vwap=12.0,0.3314,1.069,HOLD,NONE,POOR_REWARD_RISK,POOR_REWARD_RISK,N,
2026-07-21 12:45:40,AFTER,DOWN,UP,DOWN:2026-07-21T09:15:05,OPPOSITE_CANDIDATE_BLOCKED,False,False,False,False,,False,False,True,True,LEV,14966.02,13894.38,True,False,16.4118,True,UP,UP,UP,UP,,86.0,entry_etf_slopes=24.0;live_direction=18.0;score_gap=16.0;signal_slopes=16.0;vwap=12.0,0.3314,1.069,HOLD,NONE,POOR_REWARD_RISK,POOR_REWARD_RISK,N,
2026-07-21 12:45:45,AFTER,DOWN,UP,DOWN:2026-07-21T09:15:05,OPPOSITE_CANDIDATE_BLOCKED,False,False,False,False,,False,False,True,True,LEV,14973.64,13894.38,True,False,16.4118,True,UP,UP,UP,UP,,86.0,entry_etf_slopes=24.0;live_direction=18.0;score_gap=16.0;signal_slopes=16.0;vwap=12.0,0.3314,1.069,HOLD,NONE,POOR_REWARD_RISK,POOR_REWARD_RISK,N,
2026-07-21 12:45:50,AFTER,DOWN,UP,DOWN:2026-07-21T09:15:05,OPPOSITE_CANDIDATE_BLOCKED,False,False,False,False,,False,False,True,True,LEV,14981.27,13894.38,True,False,16.4118,True,UP,UP,UP,UP,,86.0,entry_etf_slopes=24.0;live_direction=18.0;score_gap=16.0;signal_slopes=16.0;vwap=12.0,0.3314,1.069,HOLD,NONE,POOR_REWARD_RISK,POOR_REWARD_RISK,N,
2026-07-21 12:45:55,AFTER,DOWN,UP,DOWN:2026-07-21T09:15:05,OPPOSITE_CANDIDATE_BLOCKED,False,False,False,False,,False,False,True,True,LEV,14988.9,13894.38,True,False,16.4118,True,UP,UP,UP,UP,,86.0,entry_etf_slopes=24.0;live_direction=18.0;score_gap=16.0;signal_slopes=16.0;vwap=12.0,0.3314,1.069,HOLD,NONE,POOR_REWARD_RISK,POOR_REWARD_RISK,N,
2026-07-21 12:46:00,AFTER,DOWN,UP,DOWN:2026-07-21T09:15:05,OPPOSITE_CANDIDATE_BLOCKED,False,False,False,False,,False,False,False,False,LEV,14995.0,13902.26,True,False,19.8391,True,UP,UP,UP,UP,,86.0,entry_etf_slopes=24.0;live_direction=18.0;score_gap=16.0;signal_slopes=16.0;vwap=12.0,0.1708,0.6675,HOLD,NONE,POOR_REWARD_RISK,POOR_REWARD_RISK,N,
2026-07-21 12:48:00,AFTER,DOWN,,DOWN:2026-07-21T09:15:05,,False,False,False,False,,False,False,False,False,INV,10715.0,11733.38,False,False,-12.3532,False,DOWN,DOWN,DOWN,DOWN,,64.0,live_direction=18.0;opposite_etf_weak=14.0;score_gap=16.0;signal_slopes=16.0,0.2231,0.7982,HOLD,NONE,ETF_5S_10S_BOTH_OPPOSITE,ETF_5S_10S_BOTH_OPPOSITE,N,
2026-07-21 12:49:05,AFTER,DOWN,UP,DOWN:2026-07-21T09:15:05,OPPOSITE_CANDIDATE_BLOCKED,False,False,False,False,,False,False,True,True,LEV,14919.24,13914.64,True,False,12.3827,True,UP,UP,,UP,,72.67,entry_etf_slopes=24.0;live_direction=18.0;score_gap=10.666666666666666;signal_slopes=8.0;vwap=12.0,0.1176,0.5345,HOLD,NONE,LOW_NET_EDGE,LOW_NET_EDGE,N,
2026-07-21 12:49:10,AFTER,DOWN,UP,DOWN:2026-07-21T09:15:05,OPPOSITE_CANDIDATE_BLOCKED,False,False,False,False,,False,False,True,True,LEV,14923.47,13914.64,True,False,12.3827,True,UP,UP,,UP,,72.67,entry_etf_slopes=24.0;live_direction=18.0;score_gap=10.666666666666666;signal_slopes=8.0;vwap=12.0,0.1176,0.5345,HOLD,NONE,LOW_NET_EDGE,LOW_NET_EDGE,N,
2026-07-21 12:49:15,AFTER,DOWN,UP,DOWN:2026-07-21T09:15:05,OPPOSITE_CANDIDATE_BLOCKED,False,False,False,False,,False,False,True,True,LEV,14927.71,13914.64,True,False,12.3827,True,UP,UP,,UP,,72.67,entry_etf_slopes=24.0;live_direction=18.0;score_gap=10.666666666666666;signal_slopes=8.0;vwap=12.0,0.1176,0.5345,HOLD,NONE,LOW_NET_EDGE,LOW_NET_EDGE,N,
2026-07-21 12:49:20,AFTER,DOWN,UP,DOWN:2026-07-21T09:15:05,OPPOSITE_CANDIDATE_BLOCKED,False,False,False,False,,False,False,True,True,LEV,14931.95,13914.64,True,False,12.3827,True,UP,UP,,UP,,72.67,entry_etf_slopes=24.0;live_direction=18.0;score_gap=10.666666666666666;signal_slopes=8.0;vwap=12.0,0.1176,0.5345,HOLD,NONE,LOW_NET_EDGE,LOW_NET_EDGE,N,
2026-07-21 12:49:25,AFTER,DOWN,UP,DOWN:2026-07-21T09:15:05,OPPOSITE_CANDIDATE_BLOCKED,False,False,False,False,,False,False,True,True,LEV,14936.19,13914.64,True,False,12.3827,True,UP,UP,,UP,,72.67,entry_etf_slopes=24.0;live_direction=18.0;score_gap=10.666666666666666;signal_slopes=8.0;vwap=12.0,0.1176,0.5345,HOLD,NONE,LOW_NET_EDGE,LOW_NET_EDGE,N,
2026-07-21 12:49:30,AFTER,DOWN,UP,DOWN:2026-07-21T09:15:05,OPPOSITE_CANDIDATE_BLOCKED,False,False,False,False,,False,False,True,True,LEV,14940.42,13914.64,True,False,12.3827,True,UP,UP,,UP,,72.67,entry_etf_slopes=24.0;live_direction=18.0;score_gap=10.666666666666666;signal_slopes=8.0;vwap=12.0,0.1176,0.5345,HOLD,NONE,LOW_NET_EDGE,LOW_NET_EDGE,N,
2026-07-21 12:49:35,AFTER,DOWN,UP,DOWN:2026-07-21T09:15:05,OPPOSITE_CANDIDATE_BLOCKED,False,False,False,False,,False,False,True,True,LEV,14944.66,13914.64,True,False,12.3827,True,UP,UP,,UP,,72.67,entry_etf_slopes=24.0;live_direction=18.0;score_gap=10.666666666666666;signal_slopes=8.0;vwap=12.0,0.1176,0.5345,HOLD,NONE,LOW_NET_EDGE,LOW_NET_EDGE,N,
2026-07-21 12:49:40,AFTER,DOWN,UP,DOWN:2026-07-21T09:15:05,OPPOSITE_CANDIDATE_BLOCKED,False,False,False,False,,False,False,True,True,LEV,14948.9,13914.64,True,False,12.3827,True,UP,UP,,UP,,72.67,entry_etf_slopes=24.0;live_direction=18.0;score_gap=10.666666666666666;signal_slopes=8.0;vwap=12.0,0.1176,0.5345,HOLD,NONE,LOW_NET_EDGE,LOW_NET_EDGE,N,
2026-07-21 12:49:45,AFTER,DOWN,UP,DOWN:2026-07-21T09:15:05,OPPOSITE_CANDIDATE_BLOCKED,False,False,False,False,,False,False,True,True,LEV,14953.14,13914.64,True,False,12.3827,True,UP,UP,,UP,,72.67,entry_etf_slopes=24.0;live_direction=18.0;score_gap=10.666666666666666;signal_slopes=8.0;vwap=12.0,0.1176,0.5345,HOLD,NONE,LOW_NET_EDGE,LOW_NET_EDGE,N,
2026-07-21 12:49:50,AFTER,DOWN,UP,DOWN:2026-07-21T09:15:05,OPPOSITE_CANDIDATE_BLOCKED,False,False,False,False,,False,False,True,True,LEV,14957.37,13914.64,True,False,12.3827,True,UP,UP,,UP,,72.67,entry_etf_slopes=24.0;live_direction=18.0;score_gap=10.666666666666666;signal_slopes=8.0;vwap=12.0,0.1176,0.5345,HOLD,NONE,LOW_NET_EDGE,LOW_NET_EDGE,N,
2026-07-21 12:49:55,AFTER,DOWN,UP,DOWN:2026-07-21T09:15:05,OPPOSITE_CANDIDATE_BLOCKED,False,False,False,False,,False,False,True,True,LEV,14961.61,13914.64,True,False,12.3827,True,UP,UP,,UP,,72.67,entry_etf_slopes=24.0;live_direction=18.0;score_gap=10.666666666666666;signal_slopes=8.0;vwap=12.0,0.1176,0.5345,HOLD,NONE,LOW_NET_EDGE,LOW_NET_EDGE,N,
2026-07-21 12:50:00,AFTER,DOWN,UP,DOWN:2026-07-21T09:15:05,OPPOSITE_CANDIDATE_BLOCKED,False,False,False,False,,False,False,False,False,LEV,14965.0,13919.05,True,False,11.687,True,UP,UP,,UP,,78.0,entry_etf_slopes=24.0;live_direction=18.0;score_gap=16.0;signal_slopes=8.0;vwap=12.0,0.3314,1.069,HOLD,NONE,POOR_REWARD_RISK,POOR_REWARD_RISK,N,
2026-07-21 12:51:00,AFTER,DOWN,UP,DOWN:2026-07-21T09:15:05,OPPOSITE_CANDIDATE_BLOCKED,False,False,False,False,,False,False,False,False,LEV,15015.0,13924.9,True,False,13.0448,True,UP,UP,,UP,,82.0,entry_etf_slopes=24.0;live_direction=18.0;score_gap=16.0;signal_slopes=12.0;vwap=12.0,0.4377,1.3348,ENTER,REVERSAL,REVERSAL_ENTRY,OPPOSITE_EPISODE_NOT_CONFIRMED,N,
2026-07-21 12:52:00,AFTER,DOWN,UP,DOWN:2026-07-21T09:15:05,OPPOSITE_CANDIDATE_BLOCKED,False,False,False,False,,False,False,False,False,LEV,15080.0,13929.29,True,False,14.648,True,UP,UP,,UP,,82.0,entry_etf_slopes=24.0;live_direction=18.0;score_gap=16.0;signal_slopes=12.0;vwap=12.0,0.7055,2.0042,ENTER,REVERSAL,REVERSAL_ENTRY,OPPOSITE_EPISODE_NOT_CONFIRMED,N,
2026-07-21 12:55:00,AFTER,DOWN,,DOWN:2026-07-21T09:15:05,,False,False,False,False,,False,False,False,False,INV,10610.0,11700.08,False,False,-19.5573,False,DOWN,DOWN,DOWN,DOWN,,64.0,live_direction=18.0;opposite_etf_weak=14.0;score_gap=16.0;signal_slopes=16.0,0.328,1.0605,HOLD,NONE,ETF_5S_10S_BOTH_OPPOSITE,ETF_5S_10S_BOTH_OPPOSITE,N,
2026-07-21 12:59:15,AFTER,DOWN,UP,DOWN:2026-07-21T09:15:05,OPPOSITE_CANDIDATE_BLOCKED,False,False,False,False,,False,False,False,False,LEV,14960.17,13956.93,True,False,9.3772,True,UP,UP,,UP,,62.0,entry_etf_slopes=24.0;live_direction=18.0;signal_slopes=8.0;vwap=12.0,0.0906,0.467,HOLD,NONE,LOW_NET_EDGE,LOW_NET_EDGE,N,
2026-07-21 12:59:20,AFTER,DOWN,UP,DOWN:2026-07-21T09:15:05,OPPOSITE_CANDIDATE_BLOCKED,False,False,False,False,,False,False,False,False,LEV,14963.56,13956.93,True,False,9.3772,True,UP,UP,,UP,,66.0,entry_etf_slopes=24.0;live_direction=18.0;signal_slopes=12.0;vwap=12.0,0.0906,0.467,HOLD,NONE,LOW_NET_EDGE,LOW_NET_EDGE,N,
2026-07-21 12:59:25,AFTER,DOWN,UP,DOWN:2026-07-21T09:15:05,OPPOSITE_CANDIDATE_BLOCKED,False,False,False,False,,False,False,False,False,LEV,14966.95,13956.93,True,False,9.3772,True,UP,UP,,UP,,66.0,entry_etf_slopes=24.0;live_direction=18.0;signal_slopes=12.0;vwap=12.0,0.0906,0.467,HOLD,NONE,LOW_NET_EDGE,LOW_NET_EDGE,N,
2026-07-21 12:59:30,AFTER,DOWN,UP,DOWN:2026-07-21T09:15:05,OPPOSITE_CANDIDATE_BLOCKED,False,False,False,False,,False,False,False,False,LEV,14970.34,13956.93,True,False,9.3772,True,UP,UP,,UP,,66.0,entry_etf_slopes=24.0;live_direction=18.0;signal_slopes=12.0;vwap=12.0,0.0906,0.467,HOLD,NONE,LOW_NET_EDGE,LOW_NET_EDGE,N,
2026-07-21 12:59:35,AFTER,DOWN,UP,DOWN:2026-07-21T09:15:05,OPPOSITE_CANDIDATE_BLOCKED,False,False,False,False,,False,False,False,False,LEV,14973.73,13956.93,True,False,9.3772,True,UP,UP,,UP,,66.0,entry_etf_slopes=24.0;live_direction=18.0;signal_slopes=12.0;vwap=12.0,0.0906,0.467,HOLD,NONE,LOW_NET_EDGE,LOW_NET_EDGE,N,
2026-07-21 12:59:40,AFTER,DOWN,UP,DOWN:2026-07-21T09:15:05,OPPOSITE_CANDIDATE_BLOCKED,False,False,False,False,,False,False,True,True,LEV,14977.12,13956.93,True,False,9.3772,True,UP,UP,,UP,,66.0,entry_etf_slopes=24.0;live_direction=18.0;signal_slopes=12.0;vwap=12.0,0.0906,0.467,HOLD,NONE,LOW_NET_EDGE,LOW_NET_EDGE,N,
2026-07-21 12:59:45,AFTER,DOWN,UP,DOWN:2026-07-21T09:15:05,OPPOSITE_CANDIDATE_BLOCKED,False,False,False,False,,False,False,True,True,LEV,14980.51,13956.93,True,False,9.3772,True,UP,UP,,UP,,66.0,entry_etf_slopes=24.0;live_direction=18.0;signal_slopes=12.0;vwap=12.0,0.0906,0.467,HOLD,NONE,LOW_NET_EDGE,LOW_NET_EDGE,N,
2026-07-21 12:59:50,AFTER,DOWN,UP,DOWN:2026-07-21T09:15:05,OPPOSITE_CANDIDATE_BLOCKED,False,False,False,False,,False,False,True,True,LEV,14983.9,13956.93,True,False,9.3772,True,UP,UP,,UP,,66.0,entry_etf_slopes=24.0;live_direction=18.0;signal_slopes=12.0;vwap=12.0,0.0906,0.467,HOLD,NONE,LOW_NET_EDGE,LOW_NET_EDGE,N,
2026-07-21 12:59:55,AFTER,DOWN,UP,DOWN:2026-07-21T09:15:05,OPPOSITE_CANDIDATE_BLOCKED,False,False,False,False,,False,False,True,True,LEV,14987.29,13956.93,True,False,9.3772,True,UP,UP,,UP,,66.0,entry_etf_slopes=24.0;live_direction=18.0;signal_slopes=12.0;vwap=12.0,0.0906,0.467,HOLD,NONE,LOW_NET_EDGE,LOW_NET_EDGE,N,
2026-07-21 13:01:10,AFTER,DOWN,UP,DOWN:2026-07-21T09:15:05,OPPOSITE_CANDIDATE_BLOCKED,False,False,False,False,,False,False,False,False,LEV,14969.41,13962.93,True,False,10.567,True,UP,UP,UP,UP,,82.0,entry_etf_slopes=24.0;live_direction=18.0;score_gap=16.0;signal_slopes=12.0;vwap=12.0,0.2773,0.9337,HOLD,NONE,POOR_REWARD_RISK,POOR_REWARD_RISK,N,
2026-07-21 13:01:15,AFTER,DOWN,UP,DOWN:2026-07-21T09:15:05,OPPOSITE_CANDIDATE_BLOCKED,False,False,False,False,,False,False,False,False,LEV,14976.61,13962.93,True,False,10.567,True,UP,UP,UP,UP,,86.0,entry_etf_slopes=24.0;live_direction=18.0;score_gap=16.0;signal_slopes=16.0;vwap=12.0,0.2773,0.9337,HOLD,NONE,POOR_REWARD_RISK,POOR_REWARD_RISK,N,
2026-07-21 13:01:20,AFTER,DOWN,UP,DOWN:2026-07-21T09:15:05,OPPOSITE_CANDIDATE_BLOCKED,False,False,False,False,,False,False,False,False,LEV,14983.81,13962.93,True,False,10.567,True,UP,UP,UP,UP,,86.0,entry_etf_slopes=24.0;live_direction=18.0;score_gap=16.0;signal_slopes=16.0;vwap=12.0,0.2773,0.9337,HOLD,NONE,POOR_REWARD_RISK,POOR_REWARD_RISK,N,
2026-07-21 13:01:25,AFTER,DOWN,UP,DOWN:2026-07-21T09:15:05,OPPOSITE_CANDIDATE_BLOCKED,False,False,False,False,,False,False,True,True,LEV,14991.02,13962.93,True,False,10.567,True,UP,UP,UP,UP,,86.0,entry_etf_slopes=24.0;live_direction=18.0;score_gap=16.0;signal_slopes=16.0;vwap=12.0,0.2773,0.9337,HOLD,NONE,POOR_REWARD_RISK,POOR_REWARD_RISK,N,
2026-07-21 13:01:30,AFTER,DOWN,UP,DOWN:2026-07-21T09:15:05,OPPOSITE_CANDIDATE_BLOCKED,False,False,False,False,,False,False,True,True,LEV,14998.22,13962.93,True,False,10.567,True,UP,UP,UP,UP,,86.0,entry_etf_slopes=24.0;live_direction=18.0;score_gap=16.0;signal_slopes=16.0;vwap=12.0,0.2773,0.9337,HOLD,NONE,POOR_REWARD_RISK,POOR_REWARD_RISK,N,
2026-07-21 13:01:35,AFTER,DOWN,UP,DOWN:2026-07-21T09:15:05,OPPOSITE_CANDIDATE_BLOCKED,False,False,False,False,,False,False,True,True,LEV,15005.42,13962.93,True,False,10.567,True,UP,UP,UP,UP,,86.0,entry_etf_slopes=24.0;live_direction=18.0;score_gap=16.0;signal_slopes=16.0;vwap=12.0,0.2773,0.9337,HOLD,NONE,POOR_REWARD_RISK,POOR_REWARD_RISK,N,
2026-07-21 13:01:40,AFTER,DOWN,UP,DOWN:2026-07-21T09:15:05,OPPOSITE_CANDIDATE_BLOCKED,False,False,False,False,,False,False,True,True,LEV,15012.63,13962.93,True,False,10.567,True,UP,UP,UP,UP,,86.0,entry_etf_slopes=24.0;live_direction=18.0;score_gap=16.0;signal_slopes=16.0;vwap=12.0,0.2773,0.9337,HOLD,NONE,POOR_REWARD_RISK,POOR_REWARD_RISK,N,
2026-07-21 13:01:45,AFTER,DOWN,UP,DOWN:2026-07-21T09:15:05,OPPOSITE_CANDIDATE_BLOCKED,False,False,False,False,,False,False,True,True,LEV,15019.83,13962.93,True,False,10.567,True,UP,UP,UP,UP,,86.0,entry_etf_slopes=24.0;live_direction=18.0;score_gap=16.0;signal_slopes=16.0;vwap=12.0,0.2773,0.9337,HOLD,NONE,POOR_REWARD_RISK,POOR_REWARD_RISK,N,
2026-07-21 13:01:50,AFTER,DOWN,UP,DOWN:2026-07-21T09:15:05,OPPOSITE_CANDIDATE_BLOCKED,False,False,False,False,,False,False,True,True,LEV,15027.03,13962.93,True,False,10.567,True,UP,UP,UP,UP,,86.0,entry_etf_slopes=24.0;live_direction=18.0;score_gap=16.0;signal_slopes=16.0;vwap=12.0,0.2773,0.9337,HOLD,NONE,POOR_REWARD_RISK,POOR_REWARD_RISK,N,
2026-07-21 13:01:55,AFTER,DOWN,UP,DOWN:2026-07-21T09:15:05,OPPOSITE_CANDIDATE_BLOCKED,False,False,False,False,,False,False,True,True,LEV,15034.24,13962.93,True,False,10.567,True,UP,UP,UP,UP,,86.0,entry_etf_slopes=24.0;live_direction=18.0;score_gap=16.0;signal_slopes=16.0;vwap=12.0,0.2773,0.9337,HOLD,NONE,POOR_REWARD_RISK,POOR_REWARD_RISK,N,
2026-07-21 13:02:00,AFTER,DOWN,UP,DOWN:2026-07-21T09:15:05,OPPOSITE_CANDIDATE_BLOCKED,False,False,False,False,,False,False,False,False,LEV,15040.0,13965.3,True,False,8.3699,True,UP,UP,UP,UP,,80.67,entry_etf_slopes=24.0;live_direction=18.0;score_gap=10.666666666666666;signal_slopes=16.0;vwap=12.0,0.0633,0.3987,HOLD,NONE,LOW_NET_EDGE,LOW_NET_EDGE,N,
2026-07-21 13:03:00,AFTER,DOWN,,DOWN:2026-07-21T09:15:05,,False,False,False,False,,False,False,False,False,INV,10625.0,11672.19,False,False,-8.8916,False,DOWN,DOWN,,DOWN,,54.67,live_direction=18.0;opposite_etf_weak=14.0;score_gap=10.666666666666666;signal_slopes=12.0,0.0105,0.2667,HOLD,NONE,ETF_5S_10S_BOTH_OPPOSITE,ETF_5S_10S_BOTH_OPPOSITE,N,
2026-07-21 13:08:00,AFTER,DOWN,,DOWN:2026-07-21T09:15:05,,False,False,False,False,,False,False,False,False,INV,10685.0,11658.56,False,False,-8.3922,False,DOWN,DOWN,,DOWN,,44.0,live_direction=18.0;opposite_etf_weak=14.0;signal_slopes=12.0,0.4377,1.3348,HOLD,NONE,ETF_5S_10S_BOTH_OPPOSITE,ETF_5S_10S_BOTH_OPPOSITE,N,
2026-07-21 13:09:00,AFTER,DOWN,UP,DOWN:2026-07-21T09:15:05,OPPOSITE_CANDIDATE_BLOCKED,False,False,False,False,,False,False,False,False,LEV,15060.0,13984.18,True,False,9.8077,True,UP,UP,UP,UP,,70.0,entry_etf_slopes=24.0;live_direction=18.0;signal_slopes=16.0;vwap=12.0,0.3818,1.195,HOLD,NONE,POOR_REWARD_RISK,POOR_REWARD_RISK,N,
2026-07-21 13:10:00,AFTER,DOWN,,DOWN:2026-07-21T09:15:05,,False,False,False,False,,False,False,False,False,INV,10685.0,11652.15,False,False,-10.1062,False,DOWN,DOWN,DOWN,DOWN,,48.0,live_direction=18.0;opposite_etf_weak=14.0;signal_slopes=16.0,0.2241,0.8007,HOLD,NONE,ETF_5S_10S_BOTH_OPPOSITE,ETF_5S_10S_BOTH_OPPOSITE,N,
2026-07-21 13:11:00,AFTER,DOWN,UP,DOWN:2026-07-21T09:15:05,OPPOSITE_CANDIDATE_BLOCKED,False,False,False,False,,False,False,False,False,LEV,14995.0,13990.69,True,False,10.0977,True,UP,UP,,UP,,76.67,entry_etf_slopes=24.0;live_direction=18.0;score_gap=10.666666666666666;signal_slopes=12.0;vwap=12.0,0.1693,0.6637,HOLD,NONE,POOR_REWARD_RISK,POOR_REWARD_RISK,N,
2026-07-21 13:20:00,AFTER,DOWN,,DOWN:2026-07-21T09:15:05,,False,False,False,False,,False,False,False,False,INV,10665.0,11634.95,False,False,-5.1051,False,DOWN,DOWN,,DOWN,,50.67,live_direction=18.0;opposite_etf_weak=14.0;score_gap=10.666666666666666;signal_slopes=8.0,0.0638,0.4,HOLD,NONE,ETF_5S_10S_BOTH_OPPOSITE,ETF_5S_10S_BOTH_OPPOSITE,N,
2026-07-21 13:21:00,AFTER,DOWN,UP,DOWN:2026-07-21T09:15:05,OPPOSITE_CANDIDATE_BLOCKED,False,False,False,False,,False,False,False,False,LEV,14995.0,14011.73,True,False,6.4218,True,UP,UP,,UP,,66.0,entry_etf_slopes=24.0;live_direction=18.0;signal_slopes=12.0;vwap=12.0,0.1696,0.6645,HOLD,NONE,POOR_REWARD_RISK,POOR_REWARD_RISK,N,
2026-07-21 13:23:00,AFTER,DOWN,,DOWN:2026-07-21T09:15:05,,False,False,False,False,,False,False,False,False,INV,10770.0,11623.93,False,False,-11.0264,False,DOWN,DOWN,DOWN,DOWN,,64.0,live_direction=18.0;opposite_etf_weak=14.0;score_gap=16.0;signal_slopes=16.0,0.596,1.7305,HOLD,NONE,ETF_5S_10S_BOTH_OPPOSITE,ETF_5S_10S_BOTH_OPPOSITE,N,
2026-07-21 13:24:00,AFTER,DOWN,,DOWN:2026-07-21T09:15:05,,False,False,False,False,,False,False,False,False,INV,10825.0,11620.58,False,False,-11.927,False,DOWN,DOWN,,DOWN,,56.0,live_direction=18.0;opposite_etf_weak=14.0;score_gap=16.0;signal_slopes=8.0,0.4368,1.3325,HOLD,NONE,ETF_5S_10S_BOTH_OPPOSITE,ETF_5S_10S_BOTH_OPPOSITE,N,
2026-07-21 13:25:05,AFTER,DOWN,UP,DOWN:2026-07-21T09:15:05,OPPOSITE_CANDIDATE_BLOCKED,False,False,False,False,,False,False,True,True,LEV,14804.24,14024.44,True,False,10.1695,True,UP,UP,,UP,,66.0,entry_etf_slopes=24.0;live_direction=18.0;signal_slopes=12.0;vwap=12.0,0.3298,1.065,HOLD,NONE,POOR_REWARD_RISK,POOR_REWARD_RISK,N,
2026-07-21 13:25:10,AFTER,DOWN,UP,DOWN:2026-07-21T09:15:05,OPPOSITE_CANDIDATE_BLOCKED,False,False,False,False,,False,False,True,True,LEV,14808.47,14024.44,True,False,10.1695,True,UP,UP,,UP,,66.0,entry_etf_slopes=24.0;live_direction=18.0;signal_slopes=12.0;vwap=12.0,0.3298,1.065,HOLD,NONE,POOR_REWARD_RISK,POOR_REWARD_RISK,N,
2026-07-21 13:25:15,AFTER,DOWN,UP,DOWN:2026-07-21T09:15:05,OPPOSITE_CANDIDATE_BLOCKED,False,False,False,False,,False,False,True,True,LEV,14812.71,14024.44,True,False,10.1695,True,UP,UP,,UP,,66.0,entry_etf_slopes=24.0;live_direction=18.0;signal_slopes=12.0;vwap=12.0,0.3298,1.065,HOLD,NONE,POOR_REWARD_RISK,POOR_REWARD_RISK,N,
2026-07-21 13:25:20,AFTER,DOWN,UP,DOWN:2026-07-21T09:15:05,OPPOSITE_CANDIDATE_BLOCKED,False,False,False,False,,False,False,True,True,LEV,14816.95,14024.44,True,False,10.1695,True,UP,UP,,UP,,66.0,entry_etf_slopes=24.0;live_direction=18.0;signal_slopes=12.0;vwap=12.0,0.3298,1.065,HOLD,NONE,POOR_REWARD_RISK,POOR_REWARD_RISK,N,
2026-07-21 13:25:25,AFTER,DOWN,UP,DOWN:2026-07-21T09:15:05,OPPOSITE_CANDIDATE_BLOCKED,False,False,False,False,,False,False,True,True,LEV,14821.19,14024.44,True,False,10.1695,True,UP,UP,,UP,,66.0,entry_etf_slopes=24.0;live_direction=18.0;signal_slopes=12.0;vwap=12.0,0.3298,1.065,HOLD,NONE,POOR_REWARD_RISK,POOR_REWARD_RISK,N,
2026-07-21 13:25:30,AFTER,DOWN,UP,DOWN:2026-07-21T09:15:05,OPPOSITE_CANDIDATE_BLOCKED,False,False,False,False,,False,False,True,True,LEV,14825.42,14024.44,True,False,10.1695,True,UP,UP,,UP,,66.0,entry_etf_slopes=24.0;live_direction=18.0;signal_slopes=12.0;vwap=12.0,0.3298,1.065,HOLD,NONE,POOR_REWARD_RISK,POOR_REWARD_RISK,N,
2026-07-21 13:25:35,AFTER,DOWN,UP,DOWN:2026-07-21T09:15:05,OPPOSITE_CANDIDATE_BLOCKED,False,False,False,False,,False,False,True,True,LEV,14829.66,14024.44,True,False,10.1695,True,UP,UP,,UP,,66.0,entry_etf_slopes=24.0;live_direction=18.0;signal_slopes=12.0;vwap=12.0,0.3298,1.065,HOLD,NONE,POOR_REWARD_RISK,POOR_REWARD_RISK,N,
2026-07-21 13:25:40,AFTER,DOWN,UP,DOWN:2026-07-21T09:15:05,OPPOSITE_CANDIDATE_BLOCKED,False,False,False,False,,False,False,True,True,LEV,14833.9,14024.44,True,False,10.1695,True,UP,UP,,UP,,66.0,entry_etf_slopes=24.0;live_direction=18.0;signal_slopes=12.0;vwap=12.0,0.3298,1.065,HOLD,NONE,POOR_REWARD_RISK,POOR_REWARD_RISK,N,
2026-07-21 13:25:45,AFTER,DOWN,UP,DOWN:2026-07-21T09:15:05,OPPOSITE_CANDIDATE_BLOCKED,False,False,False,False,,False,False,True,True,LEV,14838.14,14024.44,True,False,10.1695,True,UP,UP,,UP,,66.0,entry_etf_slopes=24.0;live_direction=18.0;signal_slopes=12.0;vwap=12.0,0.3298,1.065,HOLD,NONE,POOR_REWARD_RISK,POOR_REWARD_RISK,N,
2026-07-21 13:25:50,AFTER,DOWN,UP,DOWN:2026-07-21T09:15:05,OPPOSITE_CANDIDATE_BLOCKED,False,False,False,False,,False,False,True,True,LEV,14842.37,14024.44,True,False,10.1695,True,UP,UP,,UP,,66.0,entry_etf_slopes=24.0;live_direction=18.0;signal_slopes=12.0;vwap=12.0,0.3298,1.065,HOLD,NONE,POOR_REWARD_RISK,POOR_REWARD_RISK,N,
2026-07-21 13:25:55,AFTER,DOWN,UP,DOWN:2026-07-21T09:15:05,OPPOSITE_CANDIDATE_BLOCKED,False,False,False,False,,False,False,True,True,LEV,14846.61,14024.44,True,False,10.1695,True,UP,UP,,UP,,66.0,entry_etf_slopes=24.0;live_direction=18.0;signal_slopes=12.0;vwap=12.0,0.3298,1.065,HOLD,NONE,POOR_REWARD_RISK,POOR_REWARD_RISK,N,
2026-07-21 13:26:00,AFTER,DOWN,UP,DOWN:2026-07-21T09:15:05,OPPOSITE_CANDIDATE_BLOCKED,False,False,False,False,,False,False,False,False,LEV,14850.0,14025.66,True,False,7.0719,True,UP,UP,,UP,,66.0,entry_etf_slopes=24.0;live_direction=18.0;signal_slopes=12.0;vwap=12.0,0.3302,1.066,HOLD,NONE,POOR_REWARD_RISK,POOR_REWARD_RISK,N,
2026-07-21 13:30:00,AFTER,DOWN,,DOWN:2026-07-21T09:15:05,,False,False,False,False,,False,False,False,False,INV,10785.0,11606.08,False,False,-7.7487,False,DOWN,DOWN,,DOWN,,60.0,live_direction=18.0;opposite_etf_weak=14.0;score_gap=16.0;signal_slopes=12.0,0.2247,0.8023,HOLD,NONE,ETF_5S_10S_BOTH_OPPOSITE,ETF_5S_10S_BOTH_OPPOSITE,N,
2026-07-21 13:35:00,AFTER,DOWN,,DOWN:2026-07-21T09:15:05,,False,False,False,False,,False,False,False,False,INV,10885.0,11593.94,False,False,-6.5683,False,DOWN,DOWN,,DOWN,,44.0,live_direction=18.0;opposite_etf_weak=14.0;signal_slopes=12.0,0.3339,1.0752,HOLD,NONE,ETF_5S_10S_BOTH_OPPOSITE,ETF_5S_10S_BOTH_OPPOSITE,N,
2026-07-21 13:36:00,AFTER,DOWN,UP,DOWN:2026-07-21T09:15:05,OPPOSITE_CANDIDATE_BLOCKED,False,False,False,False,,False,False,False,False,LEV,14855.0,14045.37,True,False,6.914,True,UP,UP,UP,UP,,86.0,entry_etf_slopes=24.0;live_direction=18.0;score_gap=16.0;signal_slopes=16.0;vwap=12.0,0.0648,0.4025,HOLD,NONE,LOW_NET_EDGE,LOW_NET_EDGE,N,
2026-07-21 13:37:00,AFTER,DOWN,,DOWN:2026-07-21T09:15:05,,False,False,False,False,,False,False,False,False,INV,10805.0,11590.51,False,False,-6.2124,False,DOWN,DOWN,,DOWN,,50.67,live_direction=18.0;opposite_etf_weak=14.0;score_gap=10.666666666666666;signal_slopes=8.0,0.2264,0.8065,HOLD,NONE,ETF_5S_10S_BOTH_OPPOSITE,ETF_5S_10S_BOTH_OPPOSITE,N,
2026-07-21 13:40:00,AFTER,DOWN,,DOWN:2026-07-21T09:15:05,,False,False,False,False,,False,False,False,False,INV,10810.0,11587.3,False,False,-3.2116,False,DOWN,DOWN,,DOWN,,32.0,live_direction=18.0;opposite_etf_weak=14.0,0.1182,0.536,HOLD,NONE,ETF_5S_10S_BOTH_OPPOSITE,ETF_5S_10S_BOTH_OPPOSITE,N,
2026-07-21 13:41:00,AFTER,DOWN,UP,DOWN:2026-07-21T09:15:05,OPPOSITE_CANDIDATE_BLOCKED,False,False,False,False,,False,False,False,False,LEV,14862.0,14053.35,True,False,5.5201,True,UP,UP,,UP,,82.0,entry_etf_slopes=24.0;live_direction=18.0;score_gap=16.0;signal_slopes=12.0;vwap=12.0,0.011,0.268,HOLD,NONE,LOW_NET_EDGE,LOW_NET_EDGE,N,
2026-07-21 13:43:00,AFTER,DOWN,,DOWN:2026-07-21T09:15:05,,False,False,False,False,,False,False,False,False,INV,10840.0,11581.78,False,False,-5.5225,False,DOWN,DOWN,,DOWN,,60.0,live_direction=18.0;opposite_etf_weak=14.0;score_gap=16.0;signal_slopes=12.0,0.1712,0.6685,HOLD,NONE,ETF_5S_10S_BOTH_OPPOSITE,ETF_5S_10S_BOTH_OPPOSITE,N,
2026-07-21 13:46:15,AFTER,DOWN,UP,DOWN:2026-07-21T09:15:05,OPPOSITE_CANDIDATE_BLOCKED,False,False,False,False,,False,False,False,False,LEV,14776.44,14060.46,True,False,3.5732,True,UP,UP,,UP,,48.0,entry_etf_slopes=18.0;live_direction=18.0;vwap=12.0,0.0109,0.2677,HOLD,NONE,LOW_NET_EDGE,LOW_NET_EDGE,N,
2026-07-21 13:46:20,AFTER,DOWN,UP,DOWN:2026-07-21T09:15:05,OPPOSITE_CANDIDATE_BLOCKED,False,False,False,False,,False,False,False,False,LEV,14780.25,14060.46,True,False,3.5732,True,UP,UP,,UP,,54.0,entry_etf_slopes=24.0;live_direction=18.0;vwap=12.0,0.0109,0.2677,HOLD,NONE,LOW_NET_EDGE,LOW_NET_EDGE,N,
2026-07-21 13:46:25,AFTER,DOWN,UP,DOWN:2026-07-21T09:15:05,OPPOSITE_CANDIDATE_BLOCKED,False,False,False,False,,False,False,False,False,LEV,14784.07,14060.46,True,False,3.5732,True,UP,UP,,UP,,58.0,entry_etf_slopes=24.0;live_direction=18.0;signal_slopes=4.0;vwap=12.0,0.0109,0.2677,HOLD,NONE,LOW_NET_EDGE,LOW_NET_EDGE,N,
2026-07-21 13:46:30,AFTER,DOWN,UP,DOWN:2026-07-21T09:15:05,OPPOSITE_CANDIDATE_BLOCKED,False,False,False,False,,False,False,False,False,LEV,14787.88,14060.46,True,False,3.5732,True,UP,UP,,UP,,58.0,entry_etf_slopes=24.0;live_direction=18.0;signal_slopes=4.0;vwap=12.0,0.0109,0.2677,HOLD,NONE,LOW_NET_EDGE,LOW_NET_EDGE,N,
2026-07-21 13:46:35,AFTER,DOWN,UP,DOWN:2026-07-21T09:15:05,OPPOSITE_CANDIDATE_BLOCKED,False,False,False,False,,False,False,False,False,LEV,14791.69,14060.46,True,False,3.5732,True,UP,UP,,UP,,58.0,entry_etf_slopes=24.0;live_direction=18.0;signal_slopes=4.0;vwap=12.0,0.0109,0.2677,HOLD,NONE,LOW_NET_EDGE,LOW_NET_EDGE,N,
2026-07-21 13:46:40,AFTER,DOWN,UP,DOWN:2026-07-21T09:15:05,OPPOSITE_CANDIDATE_BLOCKED,False,False,False,False,,False,False,False,False,LEV,14795.51,14060.46,True,False,3.5732,True,UP,UP,,UP,,58.0,entry_etf_slopes=24.0;live_direction=18.0;signal_slopes=4.0;vwap=12.0,0.0109,0.2677,HOLD,NONE,LOW_NET_EDGE,LOW_NET_EDGE,N,
2026-07-21 13:46:45,AFTER,DOWN,UP,DOWN:2026-07-21T09:15:05,OPPOSITE_CANDIDATE_BLOCKED,False,False,False,False,,False,False,False,False,LEV,14799.32,14060.46,True,False,3.5732,True,UP,UP,,UP,,58.0,entry_etf_slopes=24.0;live_direction=18.0;signal_slopes=4.0;vwap=12.0,0.0109,0.2677,HOLD,NONE,LOW_NET_EDGE,LOW_NET_EDGE,N,
2026-07-21 13:46:50,AFTER,DOWN,UP,DOWN:2026-07-21T09:15:05,OPPOSITE_CANDIDATE_BLOCKED,False,False,False,False,,False,False,False,False,LEV,14803.14,14060.46,True,False,3.5732,True,UP,UP,,UP,,58.0,entry_etf_slopes=24.0;live_direction=18.0;signal_slopes=4.0;vwap=12.0,0.0109,0.2677,HOLD,NONE,LOW_NET_EDGE,LOW_NET_EDGE,N,
2026-07-21 13:46:55,AFTER,DOWN,UP,DOWN:2026-07-21T09:15:05,OPPOSITE_CANDIDATE_BLOCKED,False,False,False,False,,False,False,True,True,LEV,14806.95,14060.46,True,False,3.5732,True,UP,UP,,UP,,58.0,entry_etf_slopes=24.0;live_direction=18.0;signal_slopes=4.0;vwap=12.0,0.0109,0.2677,HOLD,NONE,LOW_NET_EDGE,LOW_NET_EDGE,N,
2026-07-21 13:47:00,AFTER,DOWN,UP,DOWN:2026-07-21T09:15:05,OPPOSITE_CANDIDATE_BLOCKED,False,False,False,False,,False,False,False,False,LEV,14810.0,14063.25,True,False,4.7793,True,UP,UP,,UP,,74.0,entry_etf_slopes=24.0;live_direction=18.0;score_gap=16.0;signal_slopes=4.0;vwap=12.0,0.333,1.073,HOLD,NONE,POOR_REWARD_RISK,POOR_REWARD_RISK,N,
2026-07-21 13:48:00,AFTER,DOWN,UP,DOWN:2026-07-21T09:15:05,OPPOSITE_CANDIDATE_BLOCKED,False,False,False,False,,False,False,False,False,LEV,14890.0,14065.98,True,False,6.4781,True,UP,UP,UP,UP,,86.0,entry_etf_slopes=24.0;live_direction=18.0;score_gap=16.0;signal_slopes=16.0;vwap=12.0,0.3864,1.2065,HOLD,NONE,POOR_REWARD_RISK,POOR_REWARD_RISK,N,
2026-07-21 13:49:00,AFTER,DOWN,UP,DOWN:2026-07-21T09:15:05,OPPOSITE_CANDIDATE_BLOCKED,False,False,False,False,,False,False,False,False,LEV,14940.0,14068.0,True,False,7.5359,True,UP,UP,,UP,,78.0,entry_etf_slopes=24.0;live_direction=18.0;score_gap=16.0;signal_slopes=8.0;vwap=12.0,0.3058,1.005,HOLD,NONE,POOR_REWARD_RISK,POOR_REWARD_RISK,N,
2026-07-21 13:52:00,AFTER,DOWN,,DOWN:2026-07-21T09:15:05,,False,False,False,False,,False,False,False,False,INV,10835.0,11564.48,False,False,-5.8324,False,DOWN,DOWN,DOWN,DOWN,,64.0,live_direction=18.0;opposite_etf_weak=14.0;score_gap=16.0;signal_slopes=16.0,0.4377,1.3348,HOLD,NONE,ETF_5S_10S_BOTH_OPPOSITE,ETF_5S_10S_BOTH_OPPOSITE,N,
2026-07-21 13:54:00,AFTER,DOWN,,DOWN:2026-07-21T09:15:05,,False,False,False,False,,False,False,False,False,INV,10935.0,11559.18,False,False,-7.9122,False,DOWN,DOWN,DOWN,DOWN,,64.0,live_direction=18.0;opposite_etf_weak=14.0;score_gap=16.0;signal_slopes=16.0,0.758,2.1355,HOLD,NONE,ETF_5S_10S_BOTH_OPPOSITE,ETF_5S_10S_BOTH_OPPOSITE,N,
2026-07-21 13:56:00,AFTER,DOWN,,DOWN:2026-07-21T09:15:05,,False,False,False,False,,False,False,False,False,INV,10995.0,11552.53,False,False,-9.6649,False,DOWN,DOWN,DOWN,DOWN,,64.0,live_direction=18.0;opposite_etf_weak=14.0;score_gap=16.0;signal_slopes=16.0,0.4406,1.342,HOLD,NONE,ETF_5S_10S_BOTH_OPPOSITE,ETF_5S_10S_BOTH_OPPOSITE,N,
2026-07-21 13:58:05,AFTER,DOWN,UP,DOWN:2026-07-21T09:15:05,OPPOSITE_CANDIDATE_BLOCKED,False,False,False,False,,False,False,True,True,LEV,14616.78,14085.48,True,False,4.8108,True,UP,UP,,UP,,76.67,entry_etf_slopes=24.0;live_direction=18.0;score_gap=10.666666666666666;signal_slopes=12.0;vwap=12.0,0.282,0.9455,HOLD,NONE,POOR_REWARD_RISK,POOR_REWARD_RISK,N,
2026-07-21 13:58:10,AFTER,DOWN,UP,DOWN:2026-07-21T09:15:05,OPPOSITE_CANDIDATE_BLOCKED,False,False,False,False,,False,False,True,True,LEV,14623.56,14085.48,True,False,4.8108,True,UP,UP,,UP,,76.67,entry_etf_slopes=24.0;live_direction=18.0;score_gap=10.666666666666666;signal_slopes=12.0;vwap=12.0,0.282,0.9455,HOLD,NONE,POOR_REWARD_RISK,POOR_REWARD_RISK,N,
2026-07-21 13:58:15,AFTER,DOWN,UP,DOWN:2026-07-21T09:15:05,OPPOSITE_CANDIDATE_BLOCKED,False,False,False,False,,False,False,True,True,LEV,14630.34,14085.48,True,False,4.8108,True,UP,UP,,UP,,76.67,entry_etf_slopes=24.0;live_direction=18.0;score_gap=10.666666666666666;signal_slopes=12.0;vwap=12.0,0.282,0.9455,HOLD,NONE,POOR_REWARD_RISK,POOR_REWARD_RISK,N,
2026-07-21 13:58:20,AFTER,DOWN,UP,DOWN:2026-07-21T09:15:05,OPPOSITE_CANDIDATE_BLOCKED,False,False,False,False,,False,False,True,True,LEV,14637.12,14085.48,True,False,4.8108,True,UP,UP,,UP,,76.67,entry_etf_slopes=24.0;live_direction=18.0;score_gap=10.666666666666666;signal_slopes=12.0;vwap=12.0,0.282,0.9455,HOLD,NONE,POOR_REWARD_RISK,POOR_REWARD_RISK,N,
2026-07-21 13:58:25,AFTER,DOWN,UP,DOWN:2026-07-21T09:15:05,OPPOSITE_CANDIDATE_BLOCKED,False,False,False,False,,False,False,True,True,LEV,14643.9,14085.48,True,False,4.8108,True,UP,UP,,UP,,76.67,entry_etf_slopes=24.0;live_direction=18.0;score_gap=10.666666666666666;signal_slopes=12.0;vwap=12.0,0.282,0.9455,HOLD,NONE,POOR_REWARD_RISK,POOR_REWARD_RISK,N,
2026-07-21 13:58:30,AFTER,DOWN,UP,DOWN:2026-07-21T09:15:05,OPPOSITE_CANDIDATE_BLOCKED,False,False,False,False,,False,False,True,True,LEV,14650.68,14085.48,True,False,4.8108,True,UP,UP,,UP,,76.67,entry_etf_slopes=24.0;live_direction=18.0;score_gap=10.666666666666666;signal_slopes=12.0;vwap=12.0,0.282,0.9455,HOLD,NONE,POOR_REWARD_RISK,POOR_REWARD_RISK,N,
2026-07-21 13:58:35,AFTER,DOWN,UP,DOWN:2026-07-21T09:15:05,OPPOSITE_CANDIDATE_BLOCKED,False,False,False,False,,False,False,True,True,LEV,14657.46,14085.48,True,False,4.8108,True,UP,UP,,UP,,76.67,entry_etf_slopes=24.0;live_direction=18.0;score_gap=10.666666666666666;signal_slopes=12.0;vwap=12.0,0.282,0.9455,HOLD,NONE,POOR_REWARD_RISK,POOR_REWARD_RISK,N,
2026-07-21 13:58:40,AFTER,DOWN,UP,DOWN:2026-07-21T09:15:05,OPPOSITE_CANDIDATE_BLOCKED,False,False,False,False,,False,False,True,True,LEV,14664.24,14085.48,True,False,4.8108,True,UP,UP,,UP,,76.67,entry_etf_slopes=24.0;live_direction=18.0;score_gap=10.666666666666666;signal_slopes=12.0;vwap=12.0,0.282,0.9455,HOLD,NONE,POOR_REWARD_RISK,POOR_REWARD_RISK,N,
2026-07-21 13:58:45,AFTER,DOWN,UP,DOWN:2026-07-21T09:15:05,OPPOSITE_CANDIDATE_BLOCKED,False,False,False,False,,False,False,True,True,LEV,14671.02,14085.48,True,False,4.8108,True,UP,UP,,UP,,76.67,entry_etf_slopes=24.0;live_direction=18.0;score_gap=10.666666666666666;signal_slopes=12.0;vwap=12.0,0.282,0.9455,HOLD,NONE,POOR_REWARD_RISK,POOR_REWARD_RISK,N,
2026-07-21 13:58:50,AFTER,DOWN,UP,DOWN:2026-07-21T09:15:05,OPPOSITE_CANDIDATE_BLOCKED,False,False,False,False,,False,False,True,True,LEV,14677.8,14085.48,True,False,4.8108,True,UP,UP,,UP,,76.67,entry_etf_slopes=24.0;live_direction=18.0;score_gap=10.666666666666666;signal_slopes=12.0;vwap=12.0,0.282,0.9455,HOLD,NONE,POOR_REWARD_RISK,POOR_REWARD_RISK,N,
2026-07-21 13:58:55,AFTER,DOWN,UP,DOWN:2026-07-21T09:15:05,OPPOSITE_CANDIDATE_BLOCKED,False,False,False,False,,False,False,True,True,LEV,14684.58,14085.48,True,False,4.8108,True,UP,UP,,UP,,76.67,entry_etf_slopes=24.0;live_direction=18.0;score_gap=10.666666666666666;signal_slopes=12.0;vwap=12.0,0.282,0.9455,HOLD,NONE,POOR_REWARD_RISK,POOR_REWARD_RISK,N,
2026-07-21 13:59:00,AFTER,DOWN,UP,DOWN:2026-07-21T09:15:05,OPPOSITE_CANDIDATE_BLOCKED,False,False,False,False,,False,False,False,False,LEV,14690.0,14086.85,True,False,4.3176,True,UP,UP,,UP,,66.0,entry_etf_slopes=24.0;live_direction=18.0;signal_slopes=12.0;vwap=12.0,0.1191,0.5382,HOLD,NONE,LOW_NET_EDGE,LOW_NET_EDGE,N,
2026-07-21 14:00:00,AFTER,DOWN,,DOWN:2026-07-21T09:15:05,,False,False,False,False,,False,False,False,False,INV,10995.0,11544.12,False,False,-6.289,False,DOWN,DOWN,,DOWN,,44.0,live_direction=18.0;opposite_etf_weak=14.0;signal_slopes=12.0,0.2279,0.8102,HOLD,NONE,ETF_5S_10S_BOTH_OPPOSITE,ETF_5S_10S_BOTH_OPPOSITE,N,
2026-07-21 14:01:00,AFTER,DOWN,UP,DOWN:2026-07-21T09:15:05,OPPOSITE_CANDIDATE_BLOCKED,False,False,False,False,,False,False,False,False,LEV,14660.0,14089.64,True,False,4.1527,True,UP,UP,,UP,,76.67,entry_etf_slopes=24.0;live_direction=18.0;score_gap=10.666666666666666;signal_slopes=12.0;vwap=12.0,0.1197,0.5397,HOLD,NONE,LOW_NET_EDGE,LOW_NET_EDGE,N,
2026-07-21 14:04:10,AFTER,DOWN,UP,DOWN:2026-07-21T09:15:05,OPPOSITE_CANDIDATE_BLOCKED,False,False,False,False,,False,False,False,False,LEV,14645.17,14093.34,True,False,3.7026,True,UP,UP,,UP,,82.0,entry_etf_slopes=24.0;live_direction=18.0;score_gap=16.0;signal_slopes=12.0;vwap=12.0,0.1195,0.5393,HOLD,NONE,LOW_NET_EDGE,LOW_NET_EDGE,N,
2026-07-21 14:04:15,AFTER,DOWN,UP,DOWN:2026-07-21T09:15:05,OPPOSITE_CANDIDATE_BLOCKED,False,False,False,False,,False,False,False,False,LEV,14650.25,14093.34,True,False,3.7026,True,UP,UP,,UP,,82.0,entry_etf_slopes=24.0;live_direction=18.0;score_gap=16.0;signal_slopes=12.0;vwap=12.0,0.1195,0.5393,HOLD,NONE,LOW_NET_EDGE,LOW_NET_EDGE,N,
2026-07-21 14:04:20,AFTER,DOWN,UP,DOWN:2026-07-21T09:15:05,OPPOSITE_CANDIDATE_BLOCKED,False,False,False,False,,False,False,True,True,LEV,14655.34,14093.34,True,False,3.7026,True,UP,UP,,UP,,82.0,entry_etf_slopes=24.0;live_direction=18.0;score_gap=16.0;signal_slopes=12.0;vwap=12.0,0.1195,0.5393,HOLD,NONE,LOW_NET_EDGE,LOW_NET_EDGE,N,
2026-07-21 14:04:25,AFTER,DOWN,UP,DOWN:2026-07-21T09:15:05,OPPOSITE_CANDIDATE_BLOCKED,False,False,False,False,,False,False,True,True,LEV,14660.42,14093.34,True,False,3.7026,True,UP,UP,,UP,,82.0,entry_etf_slopes=24.0;live_direction=18.0;score_gap=16.0;signal_slopes=12.0;vwap=12.0,0.1195,0.5393,HOLD,NONE,LOW_NET_EDGE,LOW_NET_EDGE,N,
2026-07-21 14:04:30,AFTER,DOWN,UP,DOWN:2026-07-21T09:15:05,OPPOSITE_CANDIDATE_BLOCKED,False,False,False,False,,False,False,True,True,LEV,14665.51,14093.34,True,False,3.7026,True,UP,UP,,UP,,82.0,entry_etf_slopes=24.0;live_direction=18.0;score_gap=16.0;signal_slopes=12.0;vwap=12.0,0.1195,0.5393,HOLD,NONE,LOW_NET_EDGE,LOW_NET_EDGE,N,
2026-07-21 14:04:35,AFTER,DOWN,UP,DOWN:2026-07-21T09:15:05,OPPOSITE_CANDIDATE_BLOCKED,False,False,False,False,,False,False,True,True,LEV,14670.59,14093.34,True,False,3.7026,True,UP,UP,,UP,,82.0,entry_etf_slopes=24.0;live_direction=18.0;score_gap=16.0;signal_slopes=12.0;vwap=12.0,0.1195,0.5393,HOLD,NONE,LOW_NET_EDGE,LOW_NET_EDGE,N,
2026-07-21 14:04:40,AFTER,DOWN,UP,DOWN:2026-07-21T09:15:05,OPPOSITE_CANDIDATE_BLOCKED,False,False,False,False,,False,False,True,True,LEV,14675.68,14093.34,True,False,3.7026,True,UP,UP,,UP,,82.0,entry_etf_slopes=24.0;live_direction=18.0;score_gap=16.0;signal_slopes=12.0;vwap=12.0,0.1195,0.5393,HOLD,NONE,LOW_NET_EDGE,LOW_NET_EDGE,N,
2026-07-21 14:04:45,AFTER,DOWN,UP,DOWN:2026-07-21T09:15:05,OPPOSITE_CANDIDATE_BLOCKED,False,False,False,False,,False,False,True,True,LEV,14680.76,14093.34,True,False,3.7026,True,UP,UP,,UP,,82.0,entry_etf_slopes=24.0;live_direction=18.0;score_gap=16.0;signal_slopes=12.0;vwap=12.0,0.1195,0.5393,HOLD,NONE,LOW_NET_EDGE,LOW_NET_EDGE,N,
2026-07-21 14:04:50,AFTER,DOWN,UP,DOWN:2026-07-21T09:15:05,OPPOSITE_CANDIDATE_BLOCKED,False,False,False,False,,False,False,True,True,LEV,14685.85,14093.34,True,False,3.7026,True,UP,UP,,UP,,82.0,entry_etf_slopes=24.0;live_direction=18.0;score_gap=16.0;signal_slopes=12.0;vwap=12.0,0.1195,0.5393,HOLD,NONE,LOW_NET_EDGE,LOW_NET_EDGE,N,
2026-07-21 14:04:55,AFTER,DOWN,UP,DOWN:2026-07-21T09:15:05,OPPOSITE_CANDIDATE_BLOCKED,False,False,False,False,,False,False,True,True,LEV,14690.93,14093.34,True,False,3.7026,True,UP,UP,,UP,,82.0,entry_etf_slopes=24.0;live_direction=18.0;score_gap=16.0;signal_slopes=12.0;vwap=12.0,0.1195,0.5393,HOLD,NONE,LOW_NET_EDGE,LOW_NET_EDGE,N,
2026-07-21 14:05:00,AFTER,DOWN,UP,DOWN:2026-07-21T09:15:05,OPPOSITE_CANDIDATE_BLOCKED,False,False,False,False,,False,False,False,False,LEV,14695.0,14094.27,True,False,3.5208,True,UP,UP,,UP,,82.0,entry_etf_slopes=24.0;live_direction=18.0;score_gap=16.0;signal_slopes=12.0;vwap=12.0,0.0656,0.4045,HOLD,NONE,LOW_NET_EDGE,LOW_NET_EDGE,N,
2026-07-21 14:09:05,AFTER,DOWN,UP,DOWN:2026-07-21T09:15:05,OPPOSITE_CANDIDATE_BLOCKED,False,False,False,False,,False,False,True,True,LEV,14694.66,14101.04,True,False,5.9528,True,UP,UP,,UP,,82.0,entry_etf_slopes=24.0;live_direction=18.0;score_gap=16.0;signal_slopes=12.0;vwap=12.0,0.2812,0.9435,HOLD,NONE,POOR_REWARD_RISK,POOR_REWARD_RISK,N,
2026-07-21 14:09:10,AFTER,DOWN,UP,DOWN:2026-07-21T09:15:05,OPPOSITE_CANDIDATE_BLOCKED,False,False,False,False,,False,False,True,True,LEV,14699.32,14101.04,True,False,5.9528,True,UP,UP,,UP,,82.0,entry_etf_slopes=24.0;live_direction=18.0;score_gap=16.0;signal_slopes=12.0;vwap=12.0,0.2812,0.9435,HOLD,NONE,POOR_REWARD_RISK,POOR_REWARD_RISK,N,
2026-07-21 14:09:15,AFTER,DOWN,UP,DOWN:2026-07-21T09:15:05,OPPOSITE_CANDIDATE_BLOCKED,False,False,False,False,,False,False,True,True,LEV,14703.98,14101.04,True,False,5.9528,True,UP,UP,,UP,,82.0,entry_etf_slopes=24.0;live_direction=18.0;score_gap=16.0;signal_slopes=12.0;vwap=12.0,0.2812,0.9435,HOLD,NONE,POOR_REWARD_RISK,POOR_REWARD_RISK,N,
2026-07-21 14:09:20,AFTER,DOWN,UP,DOWN:2026-07-21T09:15:05,OPPOSITE_CANDIDATE_BLOCKED,False,False,False,False,,False,False,True,True,LEV,14708.64,14101.04,True,False,5.9528,True,UP,UP,,UP,,82.0,entry_etf_slopes=24.0;live_direction=18.0;score_gap=16.0;signal_slopes=12.0;vwap=12.0,0.2812,0.9435,HOLD,NONE,POOR_REWARD_RISK,POOR_REWARD_RISK,N,
2026-07-21 14:09:25,AFTER,DOWN,UP,DOWN:2026-07-21T09:15:05,OPPOSITE_CANDIDATE_BLOCKED,False,False,False,False,,False,False,True,True,LEV,14713.31,14101.04,True,False,5.9528,True,UP,UP,,UP,,82.0,entry_etf_slopes=24.0;live_direction=18.0;score_gap=16.0;signal_slopes=12.0;vwap=12.0,0.2812,0.9435,HOLD,NONE,POOR_REWARD_RISK,POOR_REWARD_RISK,N,
2026-07-21 14:09:30,AFTER,DOWN,UP,DOWN:2026-07-21T09:15:05,OPPOSITE_CANDIDATE_BLOCKED,False,False,False,False,,False,False,True,True,LEV,14717.97,14101.04,True,False,5.9528,True,UP,UP,,UP,,82.0,entry_etf_slopes=24.0;live_direction=18.0;score_gap=16.0;signal_slopes=12.0;vwap=12.0,0.2812,0.9435,HOLD,NONE,POOR_REWARD_RISK,POOR_REWARD_RISK,N,
2026-07-21 14:09:35,AFTER,DOWN,UP,DOWN:2026-07-21T09:15:05,OPPOSITE_CANDIDATE_BLOCKED,False,False,False,False,,False,False,True,True,LEV,14722.63,14101.04,True,False,5.9528,True,UP,UP,,UP,,82.0,entry_etf_slopes=24.0;live_direction=18.0;score_gap=16.0;signal_slopes=12.0;vwap=12.0,0.2812,0.9435,HOLD,NONE,POOR_REWARD_RISK,POOR_REWARD_RISK,N,
2026-07-21 14:09:40,AFTER,DOWN,UP,DOWN:2026-07-21T09:15:05,OPPOSITE_CANDIDATE_BLOCKED,False,False,False,False,,False,False,True,True,LEV,14727.29,14101.04,True,False,5.9528,True,UP,UP,,UP,,82.0,entry_etf_slopes=24.0;live_direction=18.0;score_gap=16.0;signal_slopes=12.0;vwap=12.0,0.2812,0.9435,HOLD,NONE,POOR_REWARD_RISK,POOR_REWARD_RISK,N,
2026-07-21 14:09:45,AFTER,DOWN,UP,DOWN:2026-07-21T09:15:05,OPPOSITE_CANDIDATE_BLOCKED,False,False,False,False,,False,False,True,True,LEV,14731.95,14101.04,True,False,5.9528,True,UP,UP,,UP,,82.0,entry_etf_slopes=24.0;live_direction=18.0;score_gap=16.0;signal_slopes=12.0;vwap=12.0,0.2812,0.9435,HOLD,NONE,POOR_REWARD_RISK,POOR_REWARD_RISK,N,
2026-07-21 14:09:50,AFTER,DOWN,UP,DOWN:2026-07-21T09:15:05,OPPOSITE_CANDIDATE_BLOCKED,False,False,False,False,,False,False,True,True,LEV,14736.61,14101.04,True,False,5.9528,True,UP,UP,,UP,,82.0,entry_etf_slopes=24.0;live_direction=18.0;score_gap=16.0;signal_slopes=12.0;vwap=12.0,0.2812,0.9435,HOLD,NONE,POOR_REWARD_RISK,POOR_REWARD_RISK,N,
2026-07-21 14:09:55,AFTER,DOWN,UP,DOWN:2026-07-21T09:15:05,OPPOSITE_CANDIDATE_BLOCKED,False,False,False,False,,False,False,True,True,LEV,14741.27,14101.04,True,False,5.9528,True,UP,UP,,UP,,82.0,entry_etf_slopes=24.0;live_direction=18.0;score_gap=16.0;signal_slopes=12.0;vwap=12.0,0.2812,0.9435,HOLD,NONE,POOR_REWARD_RISK,POOR_REWARD_RISK,N,
2026-07-21 14:10:00,AFTER,DOWN,UP,DOWN:2026-07-21T09:15:05,OPPOSITE_CANDIDATE_BLOCKED,False,False,False,False,,False,False,False,False,LEV,14745.0,14102.52,True,False,5.9094,True,UP,UP,,UP,,66.0,entry_etf_slopes=24.0;live_direction=18.0;signal_slopes=12.0;vwap=12.0,0.3872,1.2085,HOLD,NONE,POOR_REWARD_RISK,POOR_REWARD_RISK,N,
2026-07-21 14:11:00,AFTER,DOWN,,DOWN:2026-07-21T09:15:05,,False,False,False,False,,False,False,False,False,INV,10980.0,11529.62,False,False,-6.0922,False,DOWN,DOWN,DOWN,DOWN,,64.0,live_direction=18.0;opposite_etf_weak=14.0;score_gap=16.0;signal_slopes=16.0,0.2805,0.9417,HOLD,NONE,ETF_5S_10S_BOTH_OPPOSITE,ETF_5S_10S_BOTH_OPPOSITE,N,
2026-07-21 14:12:00,AFTER,DOWN,,DOWN:2026-07-21T09:15:05,,False,False,False,False,,False,False,False,False,INV,11035.0,11528.1,False,False,-5.69,False,DOWN,DOWN,,DOWN,,56.0,live_direction=18.0;opposite_etf_weak=14.0;score_gap=16.0;signal_slopes=8.0,0.7094,2.014,HOLD,NONE,ETF_5S_10S_BOTH_OPPOSITE,ETF_5S_10S_BOTH_OPPOSITE,N,
2026-07-21 14:13:00,AFTER,DOWN,,DOWN:2026-07-21T09:15:05,,False,False,False,False,,False,False,False,False,INV,11070.0,11526.29,False,False,-5.7924,False,DOWN,DOWN,,DOWN,,60.0,live_direction=18.0;opposite_etf_weak=14.0;score_gap=16.0;signal_slopes=12.0,0.6035,1.7492,HOLD,NONE,ETF_5S_10S_BOTH_OPPOSITE,ETF_5S_10S_BOTH_OPPOSITE,N,
2026-07-21 14:15:00,AFTER,DOWN,,DOWN:2026-07-21T09:15:05,,False,False,False,False,,False,False,False,False,INV,11120.0,11522.09,False,False,-6.0043,False,DOWN,DOWN,,DOWN,,56.0,live_direction=18.0;opposite_etf_weak=14.0;score_gap=16.0;signal_slopes=8.0,0.6593,1.8887,HOLD,NONE,ETF_5S_10S_BOTH_OPPOSITE,ETF_5S_10S_BOTH_OPPOSITE,N,
2026-07-21 14:16:00,AFTER,DOWN,,DOWN:2026-07-21T09:15:05,,False,False,False,False,,False,False,False,False,INV,11180.0,11520.05,False,False,-6.2365,False,DOWN,DOWN,,DOWN,,60.0,live_direction=18.0;opposite_etf_weak=14.0;score_gap=16.0;signal_slopes=12.0,0.6061,1.7557,HOLD,NONE,ETF_5S_10S_BOTH_OPPOSITE,ETF_5S_10S_BOTH_OPPOSITE,N,
2026-07-21 14:18:00,AFTER,DOWN,,DOWN:2026-07-21T09:15:05,,False,False,False,False,,False,False,False,False,INV,11260.0,11516.66,False,False,-5.4358,False,DOWN,DOWN,,DOWN,,60.0,live_direction=18.0;opposite_etf_weak=14.0;score_gap=16.0;signal_slopes=12.0,0.2311,0.8182,HOLD,NONE,ETF_5S_10S_BOTH_OPPOSITE,ETF_5S_10S_BOTH_OPPOSITE,N,
2026-07-21 14:19:00,AFTER,DOWN,UP,DOWN:2026-07-21T09:15:05,OPPOSITE_CANDIDATE_BLOCKED,False,False,False,False,,False,False,False,False,LEV,14420.0,14113.5,True,False,3.134,True,UP,UP,UP,UP,,70.0,entry_etf_slopes=24.0;live_direction=18.0;signal_slopes=16.0;vwap=12.0,0.5549,1.6278,HOLD,CONTINUATION,BOUNCE_UP,BOUNCE_UP,N,
2026-07-21 14:20:00,AFTER,DOWN,,DOWN:2026-07-21T09:15:05,,False,False,False,False,,False,False,False,False,INV,11285.0,11514.03,False,False,-4.4547,False,DOWN,DOWN,DOWN,DOWN,,64.0,live_direction=18.0;opposite_etf_weak=14.0;score_gap=16.0;signal_slopes=16.0,0.1757,0.6797,HOLD,NONE,ETF_5S_10S_BOTH_OPPOSITE,ETF_5S_10S_BOTH_OPPOSITE,N,
2026-07-21 14:23:05,AFTER,DOWN,UP,DOWN:2026-07-21T09:15:05,OPPOSITE_CANDIDATE_BLOCKED,False,False,False,False,,False,False,True,True,LEV,14408.39,14117.27,True,False,3.0615,True,UP,UP,,UP,,78.0,entry_etf_slopes=24.0;live_direction=18.0;score_gap=16.0;signal_slopes=8.0;vwap=12.0,0.2855,0.9542,HOLD,NONE,POOR_REWARD_RISK,POOR_REWARD_RISK,N,
2026-07-21 14:23:10,AFTER,DOWN,UP,DOWN:2026-07-21T09:15:05,OPPOSITE_CANDIDATE_BLOCKED,False,False,False,False,,False,False,True,True,LEV,14411.78,14117.27,True,False,3.0615,True,UP,UP,,UP,,78.0,entry_etf_slopes=24.0;live_direction=18.0;score_gap=16.0;signal_slopes=8.0;vwap=12.0,0.2855,0.9542,HOLD,NONE,POOR_REWARD_RISK,POOR_REWARD_RISK,N,
2026-07-21 14:23:15,AFTER,DOWN,UP,DOWN:2026-07-21T09:15:05,OPPOSITE_CANDIDATE_BLOCKED,False,False,False,False,,False,False,True,True,LEV,14415.17,14117.27,True,False,3.0615,True,UP,UP,,UP,,78.0,entry_etf_slopes=24.0;live_direction=18.0;score_gap=16.0;signal_slopes=8.0;vwap=12.0,0.2855,0.9542,HOLD,NONE,POOR_REWARD_RISK,POOR_REWARD_RISK,N,
2026-07-21 14:23:20,AFTER,DOWN,UP,DOWN:2026-07-21T09:15:05,OPPOSITE_CANDIDATE_BLOCKED,False,False,False,False,,False,False,True,True,LEV,14418.56,14117.27,True,False,3.0615,True,UP,UP,,UP,,78.0,entry_etf_slopes=24.0;live_direction=18.0;score_gap=16.0;signal_slopes=8.0;vwap=12.0,0.2855,0.9542,HOLD,NONE,POOR_REWARD_RISK,POOR_REWARD_RISK,N,
2026-07-21 14:23:25,AFTER,DOWN,UP,DOWN:2026-07-21T09:15:05,OPPOSITE_CANDIDATE_BLOCKED,False,False,False,False,,False,False,True,True,LEV,14421.95,14117.27,True,False,3.0615,True,UP,UP,,UP,,78.0,entry_etf_slopes=24.0;live_direction=18.0;score_gap=16.0;signal_slopes=8.0;vwap=12.0,0.2855,0.9542,HOLD,NONE,POOR_REWARD_RISK,POOR_REWARD_RISK,N,
2026-07-21 14:23:30,AFTER,DOWN,UP,DOWN:2026-07-21T09:15:05,OPPOSITE_CANDIDATE_BLOCKED,False,False,False,False,,False,False,True,True,LEV,14425.34,14117.27,True,False,3.0615,True,UP,UP,,UP,,78.0,entry_etf_slopes=24.0;live_direction=18.0;score_gap=16.0;signal_slopes=8.0;vwap=12.0,0.2855,0.9542,HOLD,NONE,POOR_REWARD_RISK,POOR_REWARD_RISK,N,
2026-07-21 14:23:35,AFTER,DOWN,UP,DOWN:2026-07-21T09:15:05,OPPOSITE_CANDIDATE_BLOCKED,False,False,False,False,,False,False,True,True,LEV,14428.73,14117.27,True,False,3.0615,True,UP,UP,,UP,,78.0,entry_etf_slopes=24.0;live_direction=18.0;score_gap=16.0;signal_slopes=8.0;vwap=12.0,0.2855,0.9542,HOLD,NONE,POOR_REWARD_RISK,POOR_REWARD_RISK,N,
2026-07-21 14:23:40,AFTER,DOWN,UP,DOWN:2026-07-21T09:15:05,OPPOSITE_CANDIDATE_BLOCKED,False,False,False,False,,False,False,True,True,LEV,14432.12,14117.27,True,False,3.0615,True,UP,UP,,UP,,78.0,entry_etf_slopes=24.0;live_direction=18.0;score_gap=16.0;signal_slopes=8.0;vwap=12.0,0.2855,0.9542,HOLD,NONE,POOR_REWARD_RISK,POOR_REWARD_RISK,N,
2026-07-21 14:23:45,AFTER,DOWN,UP,DOWN:2026-07-21T09:15:05,OPPOSITE_CANDIDATE_BLOCKED,False,False,False,False,,False,False,True,True,LEV,14435.51,14117.27,True,False,3.0615,True,UP,UP,,UP,,78.0,entry_etf_slopes=24.0;live_direction=18.0;score_gap=16.0;signal_slopes=8.0;vwap=12.0,0.2855,0.9542,HOLD,NONE,POOR_REWARD_RISK,POOR_REWARD_RISK,N,
2026-07-21 14:23:50,AFTER,DOWN,UP,DOWN:2026-07-21T09:15:05,OPPOSITE_CANDIDATE_BLOCKED,False,False,False,False,,False,False,True,True,LEV,14438.9,14117.27,True,False,3.0615,True,UP,UP,,UP,,78.0,entry_etf_slopes=24.0;live_direction=18.0;score_gap=16.0;signal_slopes=8.0;vwap=12.0,0.2855,0.9542,HOLD,NONE,POOR_REWARD_RISK,POOR_REWARD_RISK,N,
2026-07-21 14:23:55,AFTER,DOWN,UP,DOWN:2026-07-21T09:15:05,OPPOSITE_CANDIDATE_BLOCKED,False,False,False,False,,False,False,True,True,LEV,14442.29,14117.27,True,False,3.0615,True,UP,UP,,UP,,78.0,entry_etf_slopes=24.0;live_direction=18.0;score_gap=16.0;signal_slopes=8.0;vwap=12.0,0.2855,0.9542,HOLD,NONE,POOR_REWARD_RISK,POOR_REWARD_RISK,N,
2026-07-21 14:24:05,AFTER,DOWN,UP,DOWN:2026-07-21T09:15:05,OPPOSITE_CANDIDATE_BLOCKED,False,False,False,False,,False,False,True,True,LEV,14448.81,14119.24,True,False,3.9826,True,UP,UP,,UP,,82.0,entry_etf_slopes=24.0;live_direction=18.0;score_gap=16.0;signal_slopes=12.0;vwap=12.0,0.6138,1.775,ENTER,REVERSAL,REVERSAL_ENTRY,OPPOSITE_EPISODE_NOT_CONFIRMED,N,
2026-07-21 14:24:10,AFTER,DOWN,UP,DOWN:2026-07-21T09:15:05,OPPOSITE_CANDIDATE_BLOCKED,False,False,False,False,,False,False,True,True,LEV,14452.63,14119.24,True,False,3.9826,True,UP,UP,,UP,,82.0,entry_etf_slopes=24.0;live_direction=18.0;score_gap=16.0;signal_slopes=12.0;vwap=12.0,0.6138,1.775,ENTER,REVERSAL,REVERSAL_ENTRY,OPPOSITE_EPISODE_NOT_CONFIRMED,N,
2026-07-21 14:24:15,AFTER,DOWN,UP,DOWN:2026-07-21T09:15:05,OPPOSITE_CANDIDATE_BLOCKED,False,False,False,False,,False,False,True,True,LEV,14456.44,14119.24,True,False,3.9826,True,UP,UP,,UP,,82.0,entry_etf_slopes=24.0;live_direction=18.0;score_gap=16.0;signal_slopes=12.0;vwap=12.0,0.6138,1.775,ENTER,REVERSAL,REVERSAL_ENTRY,OPPOSITE_EPISODE_NOT_CONFIRMED,N,
2026-07-21 14:24:20,AFTER,DOWN,UP,DOWN:2026-07-21T09:15:05,OPPOSITE_CANDIDATE_BLOCKED,False,False,False,False,,False,False,True,True,LEV,14460.25,14119.24,True,False,3.9826,True,UP,UP,,UP,,82.0,entry_etf_slopes=24.0;live_direction=18.0;score_gap=16.0;signal_slopes=12.0;vwap=12.0,0.6138,1.775,ENTER,REVERSAL,REVERSAL_ENTRY,OPPOSITE_EPISODE_NOT_CONFIRMED,N,
2026-07-21 14:24:25,AFTER,DOWN,UP,DOWN:2026-07-21T09:15:05,OPPOSITE_CANDIDATE_BLOCKED,False,False,False,False,,False,False,True,True,LEV,14464.07,14119.24,True,False,3.9826,True,UP,UP,,UP,,82.0,entry_etf_slopes=24.0;live_direction=18.0;score_gap=16.0;signal_slopes=12.0;vwap=12.0,0.6138,1.775,ENTER,REVERSAL,REVERSAL_ENTRY,OPPOSITE_EPISODE_NOT_CONFIRMED,N,
2026-07-21 14:24:30,AFTER,DOWN,UP,DOWN:2026-07-21T09:15:05,OPPOSITE_CANDIDATE_BLOCKED,False,False,False,False,,False,False,True,True,LEV,14467.88,14119.24,True,False,3.9826,True,UP,UP,,UP,,82.0,entry_etf_slopes=24.0;live_direction=18.0;score_gap=16.0;signal_slopes=12.0;vwap=12.0,0.6138,1.775,ENTER,REVERSAL,REVERSAL_ENTRY,OPPOSITE_EPISODE_NOT_CONFIRMED,N,
2026-07-21 14:24:35,AFTER,DOWN,UP,DOWN:2026-07-21T09:15:05,OPPOSITE_CANDIDATE_BLOCKED,False,False,False,False,,False,False,True,True,LEV,14471.69,14119.24,True,False,3.9826,True,UP,UP,,UP,,82.0,entry_etf_slopes=24.0;live_direction=18.0;score_gap=16.0;signal_slopes=12.0;vwap=12.0,0.6138,1.775,ENTER,REVERSAL,REVERSAL_ENTRY,OPPOSITE_EPISODE_NOT_CONFIRMED,N,
2026-07-21 14:24:40,AFTER,DOWN,UP,DOWN:2026-07-21T09:15:05,OPPOSITE_CANDIDATE_BLOCKED,False,False,False,False,,False,False,True,True,LEV,14475.51,14119.24,True,False,3.9826,True,UP,UP,,UP,,82.0,entry_etf_slopes=24.0;live_direction=18.0;score_gap=16.0;signal_slopes=12.0;vwap=12.0,0.6138,1.775,ENTER,REVERSAL,REVERSAL_ENTRY,OPPOSITE_EPISODE_NOT_CONFIRMED,N,
2026-07-21 14:24:45,AFTER,DOWN,UP,DOWN:2026-07-21T09:15:05,OPPOSITE_CANDIDATE_BLOCKED,False,False,False,False,,False,False,True,True,LEV,14479.32,14119.24,True,False,3.9826,True,UP,UP,,UP,,82.0,entry_etf_slopes=24.0;live_direction=18.0;score_gap=16.0;signal_slopes=12.0;vwap=12.0,0.6138,1.775,ENTER,REVERSAL,REVERSAL_ENTRY,OPPOSITE_EPISODE_NOT_CONFIRMED,N,
2026-07-21 14:24:50,AFTER,DOWN,UP,DOWN:2026-07-21T09:15:05,OPPOSITE_CANDIDATE_BLOCKED,False,False,False,False,,False,False,True,True,LEV,14483.14,14119.24,True,False,3.9826,True,UP,UP,,UP,,82.0,entry_etf_slopes=24.0;live_direction=18.0;score_gap=16.0;signal_slopes=12.0;vwap=12.0,0.6138,1.775,ENTER,REVERSAL,REVERSAL_ENTRY,OPPOSITE_EPISODE_NOT_CONFIRMED,N,
2026-07-21 14:24:55,AFTER,DOWN,UP,DOWN:2026-07-21T09:15:05,OPPOSITE_CANDIDATE_BLOCKED,False,False,False,False,,False,False,True,True,LEV,14486.95,14119.24,True,False,3.9826,True,UP,UP,,UP,,82.0,entry_etf_slopes=24.0;live_direction=18.0;score_gap=16.0;signal_slopes=12.0;vwap=12.0,0.6138,1.775,ENTER,REVERSAL,REVERSAL_ENTRY,OPPOSITE_EPISODE_NOT_CONFIRMED,N,
2026-07-21 14:25:00,AFTER,DOWN,UP,DOWN:2026-07-21T09:15:05,OPPOSITE_CANDIDATE_BLOCKED,False,False,False,False,,False,False,False,False,LEV,14490.0,14120.26,True,False,3.9974,True,UP,UP,,UP,,82.0,entry_etf_slopes=24.0;live_direction=18.0;score_gap=16.0;signal_slopes=12.0;vwap=12.0,0.231,0.818,HOLD,NONE,POOR_REWARD_RISK,POOR_REWARD_RISK,N,
2026-07-21 14:26:00,AFTER,DOWN,,DOWN:2026-07-21T09:15:05,,False,False,False,False,,False,False,False,False,INV,11160.0,11506.54,False,False,-4.7463,False,DOWN,DOWN,,DOWN,,44.0,live_direction=18.0;opposite_etf_weak=14.0;signal_slopes=12.0,0.4482,1.361,HOLD,NONE,ETF_5S_10S_BOTH_OPPOSITE,ETF_5S_10S_BOTH_OPPOSITE,N,
2026-07-21 14:27:00,AFTER,DOWN,UP,DOWN:2026-07-21T09:15:05,OPPOSITE_CANDIDATE_BLOCKED,False,False,False,False,,False,False,False,False,LEV,14545.0,14123.05,True,False,3.8036,True,UP,UP,UP,UP,,86.0,entry_etf_slopes=24.0;live_direction=18.0;score_gap=16.0;signal_slopes=16.0;vwap=12.0,0.4476,1.3595,ENTER,REVERSAL,REVERSAL_ENTRY,OPPOSITE_EPISODE_NOT_CONFIRMED,N,
2026-07-21 14:29:00,AFTER,DOWN,,DOWN:2026-07-21T09:15:05,,False,False,False,False,,False,False,False,False,INV,11085.0,11502.89,False,False,-3.6481,False,DOWN,DOWN,,DOWN,,44.0,live_direction=18.0;opposite_etf_weak=14.0;signal_slopes=12.0,0.1749,0.6777,HOLD,NONE,ETF_5S_10S_BOTH_OPPOSITE,ETF_5S_10S_BOTH_OPPOSITE,N,
2026-07-21 14:30:00,AFTER,DOWN,UP,DOWN:2026-07-21T09:15:05,OPPOSITE_CANDIDATE_BLOCKED,False,False,False,False,,False,False,False,False,LEV,14580.0,14126.24,True,False,3.1926,True,UP,UP,,UP,,82.0,entry_etf_slopes=24.0;live_direction=18.0;score_gap=16.0;signal_slopes=12.0;vwap=12.0,0.2299,0.8152,HOLD,NONE,POOR_REWARD_RISK,POOR_REWARD_RISK,N,
2026-07-21 14:31:00,AFTER,DOWN,,DOWN:2026-07-21T09:15:05,,False,False,False,False,,False,False,False,False,INV,11090.0,11500.4,False,False,-3.2651,False,DOWN,DOWN,,DOWN,,60.0,live_direction=18.0;opposite_etf_weak=14.0;score_gap=16.0;signal_slopes=12.0,0.2287,0.8123,HOLD,NONE,ETF_5S_10S_BOTH_OPPOSITE,ETF_5S_10S_BOTH_OPPOSITE,N,
2026-07-21 14:32:00,AFTER,DOWN,,DOWN:2026-07-21T09:15:05,,False,False,False,False,,False,False,False,False,INV,11140.0,11499.36,False,False,-3.5292,False,DOWN,DOWN,,DOWN,,60.0,live_direction=18.0;opposite_etf_weak=14.0;score_gap=16.0;signal_slopes=12.0,0.2824,0.9465,HOLD,NONE,ETF_5S_10S_BOTH_OPPOSITE,ETF_5S_10S_BOTH_OPPOSITE,N,
2026-07-21 14:34:00,AFTER,DOWN,,DOWN:2026-07-21T09:15:05,,False,False,False,False,,False,False,False,False,INV,11222.0,11497.33,False,False,-3.0718,False,DOWN,DOWN,,DOWN,,54.67,live_direction=18.0;opposite_etf_weak=14.0;score_gap=10.666666666666666;signal_slopes=12.0,0.3393,1.0887,HOLD,NONE,ETF_5S_10S_BOTH_OPPOSITE,ETF_5S_10S_BOTH_OPPOSITE,N,
2026-07-21 14:35:00,AFTER,DOWN,UP,DOWN:2026-07-21T09:15:05,OPPOSITE_CANDIDATE_BLOCKED,False,False,False,False,,False,False,False,False,LEV,14495.0,14130.68,True,False,2.9051,True,UP,UP,UP,UP,,86.0,entry_etf_slopes=24.0;live_direction=18.0;score_gap=16.0;signal_slopes=16.0;vwap=12.0,0.2838,0.95,HOLD,NONE,POOR_REWARD_RISK,POOR_REWARD_RISK,N,
2026-07-21 14:36:00,AFTER,DOWN,UP,DOWN:2026-07-21T09:15:05,OPPOSITE_CANDIDATE_BLOCKED,False,False,False,False,,False,False,False,False,LEV,14570.0,14131.6,True,False,3.129,True,UP,UP,,UP,,82.0,entry_etf_slopes=24.0;live_direction=18.0;score_gap=16.0;signal_slopes=12.0;vwap=12.0,0.4482,1.361,ENTER,REVERSAL,REVERSAL_ENTRY,OPPOSITE_EPISODE_NOT_CONFIRMED,N,
